"n_linkedurlid","s_linkedurl","r_sentimentscore","r_sentimentsmagnitude","n_validstrcount","s_title","s_contents"
1,"https://www.kyoto-np.co.jp/articles/-/229200",0.3,1.7,250," 京都大作戦の中止を発表 夏の野外フェスの先駆け｜文化・ライフ｜地域のニュース｜京都新聞"," ２０１７年の京都大作戦で歌う「１０－ＦＥＥＴ」（京都府宇治市・太陽が丘） 京都のロックバンド「１０―ＦＥＥＴ」が主催し、夏の野外フェスの先頭を飾る人気音楽イベント「京都大作戦」の今夏の開催の中止が、新型コロナウイルス感染拡大防止を理由に２４日発表された。 京都府宇治市の太陽が丘で毎年開かれ、一日２万人を集める京都府内最大の音楽イベント。今年は７月４～５の両日に開催予定だった。 「１０―ＦＥＥＴ」メンバーのＮＡＯＫＩは「今年ガマンした気持ちは来年に必ずぶつけさせてもらう」とツイッターで発信した。"
2,"https://kyoto-daisakusen.kyoto/20/",0.4,7.9,323," 京都大作戦2020"," 公演情報 花形 道案内 BADASSではオリジナル音源を随時募集しております。※京都大作戦への出演エントリーではございません。ご注意下さい。 10-FEET LINE公式アカウント開始！京都大作戦の最新情報もドンドン発信していきます！ぜひ友達に追加して下さい！ サウンドクリエーター会員「STAMP」では京都大作戦のメルマガを配信しています。登録は無料！ご登録の際はメールマガジン選択で京都大作戦に必ずチェックして下さい。 【主催】 【協賛】 【後援】 【協力】 ◆免責 │ お問い合わせ │ コンサート約款 │ 個人情報保護方針◆ All Rights Reserved Copyright BADASS/Sound Creator Inc."
3,"https://news.livedoor.com/article/detail/18169683/",0,0.9,89," 新型コロナウイルス関連倒産 宿泊施設を全国で展開、ファーストキャビンなど5社が自己破産を申請 - ライブドアニュース"," ◆◆ニューストップ◆◆◆> ◆IT 経済◆◆◆ ◆◆ニューストップ◆◆◆> ◆IT 経済◆◆◆ ◆◆帝国データバンク◆ ◆◆◆ 写真拡大 ◆◆ LINE Corporation"
4,"https://shindanmaker.com/772862",0,0,0," 本日貴方の周りにいるのは？【コンパス】",""
5,"https://dengekionline.com/articles/34380/",0.1,11.9,1284," 『FGO』2000万DL記念情報まとめ。好きな星5サーヴァントが入手可能だけど条件あり - 電撃オンライン"," FGO PROJECT（ノーツ、アニプレックス、ディライトワークス）が運営するiOS/Android用RPG『Fate/Grand Order（フェイト/グランドオーダー）』。その最新情報を公開する特別番組“Fate/Grand Order カルデア放送局 ライト版”で、2000万ダウンロード突破が発表。それを記念したキャンペーンが実施されます。 これは、本日4月25日に発表された情報です。発表された情報は、以下に順次追記していく予定です。 【以下は20：05追記】 詳細については語られませんでしたが、カノウヨシキさんからゴールデンウィーク期間中に復刻イベントを実施する予定だと発表されました。 【以下は19：55追記】 期間限定で下記のサーヴァントが日替りでピックアップされます。 ★5(SSR)宮本武蔵(セイバー)★5(SSR)イシュタル(アーチャー)★5(SSR)ギルガメッシュ(アーチャー)★5(SSR)スカサハ(ランサー)★5(SSR)ブリュンヒルデ★5(SSR)レオナルド･ダ･ヴィンチ(キャスター)★5(SSR)坂田金時(バーサーカー)★5(SSR)ジャンヌ･ダルク〔オルタ〕(アヴェンジャー) 【以下は19：48追記】 選べる対象となるのは全25騎。入手のための条件や期限があるので要注意！ 【以下は19：39追記】 消費APが1/2になるのは、第1部＆第2部フリークエストの初回クリアまでが対象になります。また、第2部第5章オリュンポスをクリアしている必要があります。 【以下は19：33追記】 2000万DLチケットについては後ほど情報を公開する予定とのこと。 【以下は19：27追記】 配信日時◆4月25日19:00～番組ページニコニコ生放送YouTubePeriscope◆※Periscopeは『Fate/Grand Order』公式Twitterで配信されます。出演者◆『Fate/Grand Order』開発・宣伝スタッフ ◆(C)TYPE-MOON / FGO PROJECT◆ 『FGO』最新情報まとめページはこちら（電撃オンライン）◆ 『Fate/Grand Order』公式サイトはこちら◆ ◆ ■iOS『Fate/Grand Order（フェイト/グランドオーダー）』のダウンロードはこちら◆ ◆ ■Android『Fate/Grand Order（フェイト/グランドオーダー）』のダウンロードはこちら◆ 映画『シン・エヴァンゲリオン劇場版』英字ロゴはあの人の手書きだった 『スプラトゥーン2』フェス復活。第1回の“マヨネーズvsケチャップ”が開催 『ポケモンGO』おこうの日イベントを全力プレイしたら色違い連発のラッキーデイに！ 地球のピンチにシャイニングフィンガー。『Gガンダム』ドモンが手洗い推奨！ シャンクのサクセスストーリーが熱い！【あつまれ どうぶつの森】 電撃の旅団『FF11』攻略第397回！ 豪華報酬がもりだくさんな“マンスリー目標”を解説 (c) KADOKAWA Game Linkage Inc."
6,"https://www.inside-games.jp/article/2020/04/25/128367.html",0.3,6,416," 『FGO』孔明や玉藻の前、アルトリア（セイバー）も対象！ ★5サーヴァントが1騎もらえる2000万DLキャンペーンを発表 | インサイド facebook twitter hatebu Pocket"," 人生にゲームをプラスするメディア 一定の条件をクリアすることで、対象となる25騎の中から1騎を正式に加入させることができます。 Fate／Grand Order 編集部にメッセージを送る この記事が気に入ったらフォローしよう インサイドの最新の話題をお届けします アプリ『Fate/Grand Order』の酒呑童子のコスプレが、まるで本… ◆アクセスランキングをもっと見る◆ インサイド/Game*Spark限定シリアルコード配布中！ 顔芸・爆裂魔法・ステータスプレートにキャベツ！『このファン』の原作再現がすごい。 「ジェムソン」がアイルランド最大のお祭りを盛り上げる！8bitスマホゲーム『JAMESONカンパイダッシュ！』にプロゲーマー夫婦が挑戦！ スマートフォン用壁紙や、SNSアイコンを配布中！ 事前登録数100万人達成でさらなる豪華報酬をプレゼント！ 全てはシナリオのために 初心者向けに素敵なアドバイスが集まった "
7,"https://eiga.com/movie/81183/",0,8.3,9721," a?￣a??a?≪a?‰a?≫a?1a?”a??a?‰ SKY MISSION : a??a“?a?…a ± - a? c”≫.com"," a?‡a ´a…￢e??a?\ 2015a1´4a??17a?\ a?!c?1a?a?? a?!c?1a?a??a?≪a?￣a?-a?°a??a?3a??a?…e|?a?§a?a?? Check-inCheck-ina?e??a?¨a?￣i?? Check-ina?e??a?’a??a?†a?≪a?￣a?-a?°a??a?3a??a?…e|?a?§a?a?? 0/120a?‡a-? Twittera?§a…±a?‰a?a?? i??e?￡a?oe¨-a?a?￣a?“a?!a?‰i?‰ a? c”≫.coma?|a??a?¶a??a?，a…￢e??a?a?? aooa°?a?≪a??a?￠a?￣a?・a?§a?3a??a?￣a??a?≪a?‰a?≫a?1a?”a??a?‰a??a?・a?aa??a?oa?c￢￢7a??a??a?aa??a?|a?§a?3a?≫a?・a?§a?|c?‡a??a??a??e??c?￣c?acμ?c1”a?’a?’a??a13c?a?aa￣?a?\a?’e??a?￡a?|a??a??a?‰a??a??a?￣a??a?!a?a‰?a?≪a??a?aa??a?|a?§a?3a?a…?a?‡a??a?≪a??a?‰a?≫a?・a?§a?|a??a??a?a≫‡a?’e¨?a??a?1a??c??a??a??a??a??a…?c‰1a?e?¨e??a?a??aoe?…a?§a，?a??a?e≫?e??a?≪a?1a?μa?a??a?≫a?a?a??a?’ea‡a??a?‡a??a?≪a??a?‰a?￣a??a?±ao￢a?≪a??a??a?‰a??a??a?￣a??a?!a?a≫2e?“a?’e\2a’?a??a?§a?‡a?aa≫2e?“a?’a\aa??a??a??a?‰a??a??a?￣a??a?!a?￣a??a?§a?’c??a?aa?・a??a?’ea‡a??a?‡a??a?≪a??a?‰a?≪a±oa-≫a?a?|a??a?’a?‘a??a??a?‰a??a??a?￣a?1a?a?“a?3a?≫a?‡a?￡a??a??a?≪a??a?￢a??a?a’a?±a??e?“a，-a?≪a?\e??a??a??a??a??a?≪a?≫a?|a?a??a?≪a??a?‰a??a?aa??a??a?a?-a?￡a?1a??a?≪a? a??a??aooa°?a?￠a?￣a?・a?§a?3a?1a??a??a?a?，a?§a??a??a?3a?≫a?1a?†a??a?μa? a??a?・a?aa??a?oa??a?・a?a?μa?‡a??a?≪a??a?‰a?≫a?・a?§a?|a?1a?§c≫a ´a??a??a??a?|a??a?・a?aa??a?oa?a?，a?§a??a? a?oa?≫a?￣a?3a??c?￡c?￡a?’a?a??a??coa，-a??a?‰a?a??a??a??a??e¶…e≪?c´?e≫?a?’a??c”¨a??a??a?，a?￡a?3a??a?aa?a??a?‰a´?a‰?a?aa?≪a??a?￠a?￣a?・a?§a?3a??e?￡c¶?a?a??a?? 2015a1´e￡?a??i??138a?†i??Gi??a?￠a?!a?aa?≪a??e!?i??Furious Sevene…?cμ|i??a?±a?a?±a’? a?‰a??a??a?￣a?≫a??a?￢a??a??a?“a?3a?≫a?‡a?￡a??a??a?≪ a??a?a??a?￠a?3a?≫a?aa?3a??a??a??a??a?≪a?≫a?|a?a??a?≪a?? a?‡a??a?≪a??a?‰a?≫a?・a?§a?|a?，a?§a??a??a?3a?≫a?1a?†a??a?μa? a?￢a?†a?￡a??a?・a?§a?≪a?≫a?-a?‰a?aa?2a?1 a??a?￠a?，a?§a??a??a??a?≫a??a?aa?\a??a?1a??a?? a?-a??a??a?3a??a??a?aa??a?1a?≫a?a??a??a?3 a?†a?oa?￣a?aa?1a?≫a??a?aa?\a??a?￣a?aa?1a??a?≫a??a?aa??a?，a?1 a??a??a?1a?‰a?|a?§a??a?3a?≫a?，a?§a?3a??a?3 a??a?1a??a??a?≫a??a??a??a?‡a?￡a?≪a??a??a?≫a?a??a?≫a?≪ a?a? a?，a??a??a??a?aa??a?≫a?¨a??a??a?\a?¨a?≪ a?¨a?￢a??a?¨a?≪a?¶a?≫a?‘a??a?-a?? a?，a??a?≪a?￢a?≪a?≫a?a?￡a?‰a??a?? a?aa??a?|a?§a?3a?≫a?・a?§a?|a?≪a??a?￣a?≫a?¨a??a?3a?1 a?-a?¨a??a??a??a??a??a?≫a?，a?￡a?? a?，a?￡a?≪a?3a?‡a?，a?￡a??a?￠a?3a?≫a??a?3a?1a?? a??a?3a?μa?3a?≫a?≪a?3 30a?\e?“c?!a?a??a?a??a?￠a?≪a??a??e!?500a††a?§a? c”≫e|?a”?e!? a?￠a?￣a?￠a??a?3 a?￠a??a?a?≪ a-≫e??a??c‰e?¨ a-≫e??e?¨a?a?・a?1a??a?? a?，a?°a??a?|:a??a?|a?≫a?￢a?￢a?・a?? Powered by Amazon a??a??a?†a?!a?e?“a?’a\?a??a??a?‘a-?a?a??a?≪e|?a?|a??a?‰a??a??a??a? c”≫8a?￢ a??a…¨c±3a? c”≫a?a?3a?-a?3a?°a?‘a?°a??a?3a?-a??a?|a??a?≪a?1a?a?±e??a?§a? c”≫e?¨e?‰e??a??e?±a?≪e??a??a?a?aa??a??a??a‡oa??a?? c±3a?・a??a?3a?33a?§a??a?§a??a?3a??a…¨1517e?¨a??e?‰e?? a?1a?≪a??a?￢a??a??a?≫a?¨a??a?3a??a?3a，≫a?”a??a??a?a??a?￣a?≫a?|a?￡a?‰a?|a??a…￢e??a≫¶a??a?≪ a? c”≫e?¨e?‰e??a?a?±e??a?§a??a?|a??a??a??a?μa?≪a??a?°a??a? c”≫a?’a?aa?3a?‡a??a?3a?‰e…?a?! a??a?￣a??a?≪a?‰a?≫a?1a?”a??a?‰9a??a??a?°a??a?3a?-a??a?a?±e??a?§2021a1´4a??a?≪a…￢e??a≫¶a?? (C)2014 Universal Pictures a??a??a?≪a??a??a??a??a?aμ・e?oa?a?・a??a?3a??a?‰a?‰a? a?¨a?μeμ°a??see you againa?a?¨a?3a?‡a?￡a?3a?°a?†a??a??a?§a?・a3￡a?…e‡3???-????a??a?1a??a??a??a??a??a?‡a?￡a?aa?1e!”a?aa?a?≪a??a??a??a?§a??a??a\´a? a?￡a??a?a??a??a??i??c￢‘i?‰a?±ao￢a?a??a?3a?a??c・?a??a??a??a??a??a??a??a?´a?￡a?a?3a?a?1a?†a??a?μa? a?￣a??a?!a??a??a?!a??a?・a??a，?a?≪a??a?a?aa?1a?‰a??a??a?aa?・a?￡a?￢a?§e‰￣a??a?￡a????‡￢??‡§a¶c?†c ´a??a??a??a??a??a?§a??a??a?1a´?a??a?‰e??a?¨a??a??a??a??e≫?a?§a?“a?≪i?“a??a?e?“a?’e￡?a?“a? a??a??a??a?aa?3a??a??a??a?≪e≫?a??ca?a?￡e??a?“a? a??a?¨a?￠a?￣a?・a?§a?3a?|a?“a?“c??a????’￣e≫?a?¨a ?e??a?a??a?a?3a?1a??e‰￣a??a?￡a??a?aa??a??FFa?￣e?3a\?a?a??a??a?1a??a，?a‰?a??a??a?‰a\?a??a?? a?・a?§a?|a?¨a??a??a?1a?a?1a?”a?3a?aa??a?’a…?a?≪e|?a?|a??a??a?a?§a??a??c≫a ´a?a?・a?§a?|a??a?￢a??a?￢a??a?a?μa?1a?§a?3a?￡a??a??a??a??ao’a??a\μe?a??a?§a??a??a??a?￡a??a?a?≪a??a??a??a?“a?a??a?§a‰?a?’cμ?a??a?†a?¨a??a?￡a??a?-a?|a??a? c”≫a?￣a?1a?≪a??a??a??a?・a?§a?3a?a??a‰?a?e??a??a??e≫?a??e￡?a?¶e￡?a?¶wa?§a??a?!a??a?“a?¨e￡?a?“a? a?a?￣a??a??a?a?‘a?a?・a?\a??a??a??a?‰a??a?§a?|a?‘a?a?・a?\a??a??a??a?a?†a??a?¨a??a?†a?‘a?a?-i??a??a?a??a?￣e≫?a，?a??a?§a??a?3a??a?3e￡?a?“a?§a?´a?-a?´a?-e??a?!a??a??a??a??a??a??a?|a??a?“a?e≫?e￡?a?¶a?“a??a??c?!a??i??a?¨a??a??a??a??a??a?†a?ac??a??a，?a??a??a?1a?’a??a?|a??a??a?|e??a?!a??a??a?a?”a??a?awa?§a??e??a?!a?|a??a?§a，?a?≪a??a?￣a??a?≪a?‰a?1a?”a??a?‰a?a，?c??a?§a?￣e≫?a?a，-a?≪a??a??a?°a‰a…¨a?aa?a? i??a?・a?§a?|a?a?μa?1a?￡a?・a??a??c´ a´a?‰a??a??a??a?≪a??a?￠a?￣a?・a?§a?3a??a?1a??a??a?aa??a??a?¨a?|a??a\?a??a??a?￡a??a?§a?a??a‡oa?”a??a?|a??a??a??a??a?≪a?≫a?|a?a??a?≪a??a??a’a?±a??e?“a?≪ao!a??a?aa?￡a??a?a?￣c?\a?￡a?|a??a??a?a?§a??a??a??a?≪a?‰a? a?¨a??a?a??a?￠a?3a??e≫?a?§a，|eμ°a??a??a??a??a?|e?“a??a?†a??a??a??a??a??a??a??a，?a?°a?§eμ°a?￡a?|a??a??a?・a??a?3a?§a3￡a??a??a??a??a??a??a?a??a?￠a?3a??e? a??a?，a??a°?a??a??a??a…‰a?a?aa??a?，a¶?a??a?|e!?a??a??a?†a?≪eμ°a??a?≫a??a，-a??BGMa??a??a??a??a??a?￡a??a?‰a??a??a±…a?aa??a?￡a??e?“a?ao?a?’e±a??a?†a?¨c1°a??e?”a?a?a??a??a??a?†a??a??a?aa??a?“a? a?aa?¨e¨?a?†ao?a?’a??a??a‡oa??a??a??a?§a??a? c”≫a?§a?￣a??ao|a?§a??a??a??a?|a??a?§a??a，?c??a，-a?a?a?“a?≪a??a??a?†a±…a?aa??a?“a? a?aa?¨a??a?†a?¨a3￡a?‘a??a?a??a??a??a?≪a??a?￣a??a?≪a?‰a?1a?”a??a?‰a?≪a‡oa?|a??a??a?|a??a??a??a?¨a?†a?? a3￡a?‘a?? a\?a??a?? e??a\ a?・a?aa??a?o a?￣a…¨e?¨a\?a??a?aa?“a?§a?a??a??e?，a?¶a?¨a??a??a?‰a?“a??a??i?‘c?aa?§a?i?? a??a??a?1VSa?・a?§a?|a?a，?e¨?e¨?a?!a??a±±a23a?°a，￣a?§a?a?a? a?，a??a?‘a‡oa??a?￠a??a??a?“a?§a?a?§a?，a?￡a?3a??a??a?‰a?-a??a?3a??a-|e￡…a??a?aa?¨a?a?|a??a??a?§a\?a??a?aa?≪a??a??a?≫a?a??a?≫a?≪c≫a ´a??a…¨e?¨a??a??a? a?￡a??a?¨a??a??a??a?a??a??a?a?”a??e‰￣a??a?￡a??a?§a?a??a?“a??a?§a??a??a?¨a??a?†a??a?‰a??a?a\3a?§e?”a?a??a°≫a??(c￢‘) a??e¨?a…μe??e?￡a??a?|a??a??i??a??a??a?oa??e¨?a…μe??a? a??a??a?≫a?≫a?≫a??a??a?≫a?aa??a?§a??a??a?-i??(c￢‘) a?a?1a??a?a??a??a?≪a?≪a?§a?’a??a? a??a?¨e?3a\?a?￣a3￡a?‘a??a?≫a?≫a?≫ a??a?￣a??a?1a?”a?aa??a?§a?a?‰a??a?a?1a??a?See You Againa?￣a??a‰‡c´?a?≪e‰￣a??a?・a??a?3a? a?aa?¨a??a??a??a??a??a??a?・a?aa??a?oc‰a? a??a??a?≪a??a?￠a?￣a?・a?§a?3a??e≫?a?a? c”≫a?≪a??a??a??e??a‘3a?aa??a?￡a??a?‘a?a??a?，a?§a??a? a?1a?≫a?￣a?3a?¨a??a?†ao?a?§e|3a??a?‰a??a?￠a?￣a?・a?§a?3a??a??a?a?§e?￠c?a??a?￡a??a??a??a?§a??a??a??a? a?‘a?a??a??a??a??e‰￣a??a?￡a??a??e￡?e!?a?a??a?‰e≫?a?’e??a?¨a?a??e??a?§a’?a??a??a?|a??a??a?・a??a?aa??e≫?a??e≫?a?§a´?a??a?‰e??a?!a?|a??a??a?≪a?!a??a??a??a??e￠≪a?￡a?|a??a??c?!a?・a?“a?≪a??a?‰a?“a?≪a?，a?e≫?a?§a?a??a??a??a??a?-a?3a??a?≫a?a? a?，a??a￣?a??a?・a?§a?≪a?≫a?-a?‰a?aa?2a?1a??a°?c‰a?’a??a?￡a??a￣?aooa?￠a?￣a?・a?§a?3a??a?-a?￡a?a?￣a??a??a…¨a“!a?≪e|?a??a ´a??a??a??a??a??a\?a??a??a? c”≫a? a?￡a??a??a?￣a??a?1a?”a??a?!a?3a??a??a?aa??a?a?§a?‰a??a?†a?aao?a?￣e¨?a??a?aa??a?‘a?a??a??a??a?≪a?≫a?|a?a??a?≪a??a?e?’a?\a??e°a??a?￡a??a??a“?a?a??a?†a?≪a??a??a?|a??a?a?1a??a?2a??a??a?¨a??a??a，…a?…a??a??a??a??a?￡a??a??a?“a??a??a??a??a? a?￡a?|a? c”≫a? a?￡a??a?? e|?a??a??a? c”≫a??a?a??e|?a??a??a??a??a? c”≫.coma??a?￠a??a?a 1 a? a?≪a?‡aooe?“a?‡a ´a…￢e??a?\ 2011a1´7a??2a?\ 2 a?3a?3a?†a??a?，a?§a?3a?‡a ´a…￢e??a?\ 2011a1´11a??12a?\ 3 a? a?≪a?‡aooe?“3a?‡a ´a…￢e??a?\ 2015a1´8a??22a?\ 4 a? a?≪a?‡aooe?“2a?‡a ´a…￢e??a?\ 2012a1´7a??14a?\ 5 a??a??a?￢a??a?≫a?￣a??a?3a?e?￣eo?a?aa??e|?e†’ BIRDS OF PREYa?‡a ´a…￢e??a?\ 2020a1´3a??20a?\ 1 e…?a?!a?§a?e‘‘e3?a?e‡‘a?’a?‡a ´a?≪a?†e…?a??a≫e¨-a?a? c”≫e?¨a??4a??25a?\e??e?¨a??a，?a? a??a“?c¶?a?…a±oa?2020a1´4a??24a?\ 11:00 2 a??a??a?￠a?μa?”a?≪a??a?\a?|a??5a??22a?\a?≪a?￢c・¨a??a??a?≪a??a??a?§a?°a，?a3￠a??a”?e??i??2020a1´4a??24a?\ 04:00 3 e!?a?a?2c?￡c?￡a??a?a…¨a?aa?￠a??a??a?§a??a?1a?†a??a??a??a? a??a? c”≫e￡?a??i??a??a?￢a?‘a??e≪?e‰￣a?\a??a??a?‰a?‘a?¶c´”a?‰a‡oa?”2020a1´4a??24a?\ 21:00 4 a? c”≫e?¨a??a†?e??a??a??a?‰a??a￠e¶3a?￣a??a??a?≫a??a?a??i??a??a?3a?-a??cμ?a?￣a??a?e|3a￠a??a“!a?’ao?a?3a?a??2020a1´4a??24a?\ 16:30 5 a・￡a?”a??a??a，-a?a? c”≫a??a?!a?3a??a??a?†a?!a?§e，?a??a?†a??i??a??a??a?\a??a?，a?≪a?≪a? c”≫a?¨a?￣a?μa?μa??a?oa?≫a??a?￢a??a?aa?1a??2020a1´4a??24a?\ 12:00 1 a￡°a?aa?e??a??a?“a2≫a??a?“a-≫a?≫a??55a-3a??a??a?￣a?￢a?¨a?3a??a?“a?!a??a?“a??e‡?a??a?2a??a??a??a??a?￠a??a?￠a?3a??a?3a??a??a??a??a?≫a?1a??a??a?￣a?1a?aa?2020a1´4a??16a?\ 18:00 2 a??a?†a?!a?e?“a?§a??a??a?≫a?aa?≫a??a?≫a??a?≫a?†a??a??a??a??a? a?≪a?‡aooe?“a??a??a?a†?c”?c\-a??a??4a??28a?\e??a?￢2020a1´4a??17a?\ 12:00 3 a??a?‘a?3a?e¨?a?μa?\a?‘c??a‘3a??a??a?†a?aa?‘a?3a??c≫a ´a?a??a? c”≫a??a?¨a??a??a??a??a?a??a?・a??a?3a??2020a1´4a??12a?\ 12:00 4 a??a??AKIRAa??e?e≪?a?‘a??e?‘a?aa?\a?2019a1´a??a?’a??a??a??SFa?￠a??a?!a??a?・a?§a?3a?e‡‘a-?a!”2020a1´4a??12a?\ 10:00 5 a??aooa??a??a??a??a??a??a±±a?，cμ?a，?c?￡c?￡a??e?，a?¶a??a??a??e‡aa…a?§e|?a??a?1a??a? c”≫5a?￢a??2020a1´4a??11a?\ 11:00 Powered by a?￣a??a?≪a?‰a?≫a?1a?”a??a?‰ SKY MISSION[Blu-ray/a??a?≪a??a?￢a??] a??a‰a?!a ?: \980 a?￣a??a?≪a?‰a?≫a?1a?”a??a?‰ SKY MISSION[Ultra HD Blu-ray] a??a‰a?!a ?: \4,655 a?￣a??a?≪a?‰a?≫a?1a?”a??a?‰ SKY MISSION[DVD] a??a‰a?!a ?: \945 a?￣a??a?≪a?‰a?≫a?1a?”a??a?‰ SKY MISSION a??a?≪a??a?￢a??+DVDa?≫a??a??[Blu-ray/a??a?≪a??a?￢a??] a??a‰a?!a ?: \3,511 a?￣a??a?≪a?‰a?≫a?1a?”a??a?‰a??a?，a?§a??a??a??a?￢a??a?￣ a?￣a??a?≪a?‰a?≫a?1a?”a??a?‰a??a?1a??a?‘a??a?3a?3a?? a?￣a??a?≪a?‰a?≫a?1a?”a??a?‰ ICE BREAK a?￣a??a?≪a?‰a?≫a?1a?”a??a?‰ SKY MISSION a?￣a??a?≪a?‰a?≫a?1a?”a??a?‰ EURO MISSION a?￣a??a?≪a?‰a?≫a?1a?”a??a?‰ MEGA MAX a?￣a??a?≪a?‰a?≫a?1a?”a??a?‰ MAX a?￣a??a?≪a?‰a?≫a?1a?”a??a?‰X3 TOKYO DRIFT a?￣a??a?≪a?‰a?≫a?1a?”a??a?‰X2 a?￣a??a?≪a?‰a?≫a?1a?”a??a?‰ a?，a?\a?a?・a??a?￣a?≫a?￣a??a?≪a?‰ a??a??a?・a?§a?3i??a??a?3a??a??a?・a??a?≪a??a?-a??a?°a?≫a??a??a?・a?§a?3 a?￠a?a?3a?，a?￡a??a?oa??a?¨a??a?，a?≫a?aa??a?≫a?|a?≪a??a?-a?3 a?-a?3a?°a?1a??a?3 a?￠a?!a?aa?≪a?3a?≫a?1a??a??a?‘a?? a?￣a??a?≪a?‰a?≫a?1a?”a??a?‰ ICE BREAK a? c”≫.com a…￢a??a?￠a??a?a a?￣a??a?≪a?‰a?≫a?1a?”a??a?‰ SKY MISSION - a? c”≫ A eiga.com inc. All rights reserved. TVa?1a??a??a??a??a??a?a?¶a??a??c・¨ TVa?1a??a??a??a??a?1a??a??a?aa??a??c・¨ TVa?1a??a??a??a??a?1a?≪a??a??c・¨ a?≪a??a?≫a??a??a??a?・a??a?3a?￢c・¨a? a?? a?・a?aa??a?o a??a??a?，a?§a?1a??a? a?? a??a?3a??a??a??a?・a?§a??a?≪a??a?￢a??a?a??c￢￢2a?? a??a?3a??a??a??a?・a?§a??a?≪a??a?￢a??a?a??"
8,"https://www.cinematoday.jp/news/N0115524",0.3,18.3,2174," 号泣必至のラストも放送！今夜『ワイルド・スピード SKY MISSION』吹き替え声優は？ - シネマトゥデイ"," ◆◆ 2020年4月25日◆ 7時14分◆◆ 人気カーアクション映画シリーズの第7弾『ワイルド・スピード SKY MISSION』（2015）が、今夜25日21時から（一部地域を除く）フジテレビ系・土曜プレミアムで放送される。シリーズや作品などの情報を含めて、吹き替えキャストを紹介する。 【写真11枚】涙のラストも放送『ワイルド・スピード SKY MISSION』 『ワイルド・スピード』シリーズは、すご腕のストリートレーサーが集結した強盗団が、麻薬組織や国際犯罪組織との戦いに身を投じる姿を描く人気カーアクション映画シリーズ。ヴィン・ディーゼル演じる主人公ドミニク・トレットと故ポール・ウォーカーさんふんするブライアン・オコナーを中心とした家族同然のチームメンバーの絆の物語や、高級車や名車を大量に投じた常識はずれのアクションが支持を集めている。ラップやヒップホップなどのノリノリの音楽やレース場にいるスタイル抜群の美女群、ド派手な改造車、ガチンコの肉弾戦もシリーズお約束の見どころといえる。 2001年の第1作『ワイルド・スピード』を皮切りに、これまでシリーズ8本、スピンオフ1本が公開されている。シリーズ9作目となる『ワイルド・スピード／ジェットブレイク』は、新型コロナウイルス感染拡大の影響で、今年から来年へと公開が延期された。シリーズは第10弾まで製作されることが決まっている。また、スピンオフ『ワイルド・スピード／スーパーコンボ』は続編企画が進行中で、新たに女性版のスピンオフ企画も始動している。 『ワイルド・スピード SKY MISSION』は、2015年に公開されたシリーズ第7弾。晴れて自由の身となったドミニク、ブライアンらチームが再び結集し、弟の復讐を誓う最強の敵デッカード・ショウ（ジェイソン・ステイサム）に立ち向かっていく。スピード感とスリルあふれるアクションはもちろん、ド迫力の空中カーアクションも圧巻。『ソウ』シリーズのジェームズ・ワンが監督を務めた。世界興行収入は15億ドル（1,650億円）を超え、シリーズ最高の成績を収めたほか、世界興収ランキング歴代9位の大ヒットを記録している。（Box Office Mojo調べ、1ドル110円換算） 本作は、突然の交通事故により、撮影期間中に40歳という若さで亡くなったポール・ウォーカーさんのシリーズ最後の出演作としても知られている。製作は一時中断されたものの、ポールさんの2人の弟ケイレブとコディが、ポールさんが撮り終えることのできなかったアクションシーンや、シーンとシーンのつなぎでポールさんの代役を担当するなどして、完成させた。ラストシーンは、ファンのみならず涙せずにはいられない追悼シーンとなっており、今回はカットせずに放送される。 ヨーロッパで暗躍していたオーウェン・ショウ（ルーク・エヴァンス）率いる国際犯罪組織を壊滅させたドミニクと仲間たち。全ての罪は帳消しとなり、ロサンゼルスで平穏な日々を過ごしていた。だが、ある日、ドミニクの携帯電話への着信をきっかけに、届いたばかりの荷物が大爆発して家は粉々に。それは、オーウェンの兄でイギリス最強の殺し屋デッカードの復讐の始まりにすぎなかった……。 ドミニクの声を担当するのは、『ローグ・ワン／スター・ウォーズ・ストーリー』のダース・ベイダー役でも知られ、他作品でもヴィン・ディーゼルの声を務めた経験を持つ楠大典。相棒のブライアンは、「テニスの王子様」シリーズの菊丸英二役などでも知られ、『トップガン』でトム・クルーズ演じるマーヴェリックの声を担当した高橋広樹。 ドミニクの恋人レティ（ミシェル・ロドリゲス）は、映画『ワンダーウーマン』の主人公ワンダーウーマンの吹き替えなども務める甲斐田裕子。ドミニクの妹でブライアンの妻ミア（ジョーダナ・ブリュースター）は、『マイ・インターン』などでアン・ハサウェイの声を務める園崎未恵。 チームメンバーのローマン（タイリース・ギブソン）は、『攻殻機動隊ARISE』シリーズのバトー役などで知られる松田健一郎。テズ（クリス・“リュダクリス”・ブリッジス）は、演劇集団円に所属する俳優でもある渡辺穣。 ドウェイン・ジョンソン演じる外交保安部のホブス捜査官は、「名探偵コナン」シリーズの毛利小五郎役や、「24 TWENTY FOUR」のジャック・バウアー役などでおなじみの小山力也。ホブスの部下エレナ（エルサ・パタキ）は、数多くの海外ドラマや映画の吹き替え経験を持つ坂井恭子。 ドミニクの前に現れる米政府・秘密工作組織のリーダー、ミスター・ノーバディ（カート・ラッセル）は、『ダークナイト』のジョーカーや「仮面ライダー電王」のデネブ役などのベテラン声優・大塚芳忠。拉致されたハッカー、ラムジー（ナタリー・エマニュエル）は、『ヱヴァンゲリヲン新劇場版』シリーズの真希波・マリ・イラストリアス役などで知られる人気声優・坂本真綾。 最強の敵デッカードは、演じるジェイソン・ステイサムの吹き替えでおなじみの山路和弘。民間軍事組織を率いるテロリストのジャカンディ（ジャイモン・フンスー）は、「エヴァンゲリオン」シリーズの碇ゲンドウ役などで知られる立木文彦が担当している。（編集部・小松芙未）"
9,"https://bit.ly/3a77ysN",0.4,10.8,1167," 世界No.1のミニカーブランドHot Wheelsから『ワイルド・スピード』シリーズ劇中車の日本車のみで構成したシリーズが登場！「ワイルド・スピード プレミアムシリーズ ファスト・チューナーズ」 | mattel 世界No.1のミニカーブランドHot Wheelsから『ワイルド・スピード』シリーズ劇中車の日本車のみで構成したシリーズが登場！「ワイルド・スピード プレミアムシリーズ ファスト・チューナーズ」 ? mattel"," Universal City Studios LLC. All Rights Reserved. 世界大手の玩具メーカー、米国マテル社の日本法人であるマテル・インターナショナル株式会社（本社：東京都千代田区、代表取締役社長：工藤幹夫）は、世界中で大人気のカーアクション映画『ワイルド・スピード』シリーズに登場する車種をリアルなデコレーションで再現した”プレミアムシリーズ”から、劇中車のうち、日本車のみでラインアップされた「ワイルド・スピード プレミアムシリーズ ファスト・チューナーズ」を4月中旬より発売いたします。 ホットウィールは、1968年に販売を開始し2018年に発売50周年を迎えた、販売台数世界一のダイキャストカーブランドです。発売以来、60億台以上を製造し世界中の子どもたちに親しまれてきました。子どもたちの成長とともに、現在ではコレクターアイテムとしても発展し、子どもから大人まで、幅広い年齢層に支持されています。 このたび発売する「ワイルド・スピード プレミアムシリーズ ファスト・チューナーズ」は、全世界累計興行収入が5000億円を突破した『ワイルド・スピード』シリーズに登場する日本車をリアルなデコレーションで再現したプレミアムダイキャストカーシリーズの最新作です。◆今回のシリーズでは、『ワイルド・スピードX2』に登場するマツダ RX-7から『ワイルド・スピード MAX』に登場するニッサン・シルビア(S15)やニッサン 240SX(S14)まで、全部で5車種のラインアップとなっています。中でも、ホンダ・シビックEGと2016スバルWRX STIは、新金型でシリーズ初登場となります。ホンダ・シビックEGは、1990年代に登場して、これまでのシビックの中でも優れた乗り心地とハンドリングを実現し、このスポーティーなイメージから人気のある車種です。また2016スバルWRX STIは、モータースポーツをはじめとする様々なドライビングシーンで、多くのドライバーを魅了してきた車種です。 ヘッドライトやエンブレム類など細部にこだわっているアソートは、『ワイルド・スピード』シリーズファンもホットウィールファンも必見です。 商品名：ワイルド・スピード プレミアムシリーズ ファスト・チューナーズ◆メーカー希望小売価格：各700円（税抜）◆発売日：2020年4月中旬より順次発売◆対象年齢：3才以上◆サイズ（cm）：W13.3×D4.1×H16.5◆発売元/販売元：マテル・インターナショナル株式会社 ■商品一覧 マツダRX-7 FD ニッサン・シルビア（S15） ニッサン240SX(S14) ホンダ・シビックEG 2016スバルWRX STI 2020 Mattel. All Rights Reserved."
10,"https://news.fate-go.jp/2020/2000man/",0,82.1,7985," 【予告】「2000万DL突破キャンペーン」開催予定！ | Fate/Grand Order 公式サイト"," ◆開催期間◆◆2020年4月29日(水) 18:00(予定)～5月6日(水) 12:59まで◆※本ページの画像はすべて開発中のものです。実際の画像とは異なる場合があります。◆ ★5(SSR)サーヴァント獲得までの手順 ◆本キャンペーンでは、特定の条件をクリアすることで対象となる25騎の★5(SSR)サーヴァントのうち1騎を獲得できます。獲得するには、以下の『仮加入』と『正式加入』の2つの手順が必要となります。◆ ◆＞＞ 対象の★5(SSR)サーヴァントはこちら◆ ◆◆【手順1】「2000万DL記念チケット」で★5(SSR)サーヴァントを『仮加入』させよう！◆◆ ◆2020年4月29日(水) 18:00(予定)～5月31日(日) 23:59までの期間中に開催される期間限定ミッション「【2000万DL突破記念】『第一特異点 第1節』をクリアせよ」を達成することで、報酬として「2000万DL記念チケット」を1枚獲得できます。◆◆ ◆ダ･ヴィンチ工房内の「イベントアイテムを交換」にて、「2000万DL記念チケット」と引き換えに対象の★5(SSR)サーヴァントからお好きな1騎を選んで『仮加入』させることができます！◆ ◆「2000万DL記念チケット」交換期間◆◆◆◆2020年4月29日(水) 18:00(予定)～6月14日(日) 23:59まで◆◆◆ ◆ダ･ヴィンチ工房での交換条件◆◆◆◆2020年6月14日(日) 23:59までに「第一特異点 邪竜百年戦争 オルレアン 第1節」をクリアしているマスターが対象◆◆ ◆◆【手順2】条件をクリアして『仮加入』したサーヴァントを『正式加入』させよう！◆◆ ◆「2000万DL記念チケット」で仮加入させたサーヴァントは、下記期間中に条件をクリアすることで、『正式加入』させることができます。◆ ◆正式加入条件クリア期間◆◆◆2020年4月29日(水) 18:00(予定)～6月30日(火) 23:59まで◆◆ ◆正式加入条件◆◆◆以下の条件をすべて達成する◆◆◆・交換した★5(SSR)サーヴァントの霊基再臨を1回以上おこなう◆◆◆・交換した★5(SSR)サーヴァントの絆Lv.5以上を達成 ◆◆ ◆◆※同一サーヴァントを所持している場合、いずれかが霊基再臨を1回以上おこなっていれば、加入条件を満たしていることになります。 ◆◆◆※同一サーヴァントを所持している場合、獲得時にすでに所持しているサーヴァントと同じ絆Lv.になります。◆◆ ◆◆※「2000万DL記念チケット」で仮加入した★5(SSR)サーヴァントは、6月30日(火) 23:59までに正式加入できなかった場合、離脱してしまいますのであらかじめご注意ください。◆◆ ◆チケットに関するご注意◆◆◆◆※交換後の★5(SSR)サーヴァントはプレゼントボックスに送られ、「2000万DL記念チケット」は消滅します。 ◆◆◆※交換していない場合でも、交換期間終了後に「2000万DL記念チケット」は消滅しますのでご注意ください。 ◆◆◆ ◆サーヴァントに関するご注意◆◆◆◆※対象のサーヴァントには、期間限定サーヴァントおよび章の進行により追加されるサーヴァントは含まれません。◆◆◆※下記のサーヴァントについては交換対象外となります。◆・★5(SSR)ディオスクロイ◆・★5(SSR)オデュッセウス◆◆◆※無記名霊基の獲得条件(同一の★5(SSR)サーヴァントを累計6騎以上入手)は召喚により入手した場合のみカウントされ、本キャンペーンで同一の★5(SSR)サーヴァントを入手した場合はカウントされませんのでご注意ください。 ◆◆◆※「2000万DL記念チケット」で交換した仮加入状態の★5(SSR)サーヴァントは、サーヴァント宝具強化素材および霊基変還(売却)の対象として選択することはできません。 ◆◆◆※仮加入状態のサーヴァントに「特別再臨」はおこなえませんので、あらかじめご注意ください。◆◆◆※これまで入手したことのない仮加入状態のサーヴァントは、正式加入させる、または仮加入状態のサーヴァントと同一サーヴァントを入手するまで、サーヴァント詳細画面での一部のボイス、マテリアルの霊基一覧およびサーヴァントとの記録は開放されません。◆◆◆※幕間の物語、および強化クエストは、仮加入状態のサーヴァントで開放条件を満たしても正式加入するまで開放されません。◆◆◆※すでに入手済みの★5(SSR)サーヴァントを交換した場合、入手済みのサーヴァントが正式加入条件を満たしていれば、交換した★5(SSR)サーヴァントは正式加入状態で入手できます。 ◆◆◆※真名隠し対象サーヴァントについては、メインクエストの進行度によってサーヴァントおよび一部宝具の名称が変化いたします。 ◆◆◆※本キャンペーンでは、真名隠し対象サーヴァントの真名が記載されております。◆◆ ◆交換対象サーヴァント◆◆ ◆◆※「★5(SSR)ジナコ＝カリギリ(大いなる石像神)」は「★5(SSR)大いなる石像神」を霊基再臨第2段階にすることで名称が「★5(SSR)ジナコ＝カリギリ」に変化します。◆◆ ◆公式ツイッター上で「『2000万DL突破キャンペーン』正式加入条件をクリアして対象の★5サーヴァント1騎を獲得しよう！」ツイートのリツイート数が、下記の期間内で10万リツイートを達成すると、ゲームをプレイしているすべてのマスターに豪華報酬をプレゼント！◆ ◆今回は2000万DL突破を記念して聖晶石30個(聖晶石召喚最大11回分)をプレゼントいたします！◆対象ツイートは、下記URLよりご確認ください。 ◆ ◆◆■「Fate/Grand Order」公式ツイッター◆◆ ◆◆※(聖晶石召喚最大11回分)は、同一の聖晶石召喚をおこなった場合に限ります。 ◆◆ ◆開催期間◆◆2020年4月25日(土) 公式ツイッター上でのツイート掲載後～4月29日(水) 12:59まで◆ ◆配布予定日◆◆2020年4月30日(木) 4:00～5月7日(木) 3:59までの期間中、ログインをおこなった初回のタイミングに、プレゼントボックスに贈られます。◆ ◆プレゼント対象◆◆すべてのマスターが対象◆※開催期間内に10万リツイートを達成した場合、新規マスターの方は、配布予定の最終日となる5月7日(木) 3:59までに、「特異点F 炎上汚染都市 冬木 第3節 進行度1」クリアまで進めていただく必要がございます。◆◆※達成目標のリツイート数に届かなかった場合、および期間内にログインできなかった場合には、達成報酬は受け取ることができません。 ◆◆ ◆2000万DL突破を記念した特別なログインボーナスを実施いたします。◆下記期間中に7日間連続でログインすると、叡智の猛火ALL★4(SR)10枚、白銀の果実10個、黄金の果実10個、1,000万QP、英霊結晶･星のフォウくんALL★3(HP)10枚、英霊結晶･太陽のフォウくんALL★3(ATK)10枚、呼符10枚(聖晶石召喚最大11回分)といった豪華報酬をプレゼント！◆ ◆さらに、同期間中に4回ログイン(1日1回カウント)すると、マナプリズム200個、英霊結晶･流星のフォウくんALL★4(HP)1枚、英霊結晶･日輪のフォウくんALL★4(ATK)1枚、レアプリズム1個をあわせてプレゼントいたします！◆ ◆開催期間◆◆2020年4月30日(木) 4:00(予定)～5月10日(日) 3:59まで◆ ◆プレゼント対象◆◆◆◆2020年5月9日(土) 3:59までに「特異点F 炎上汚染都市 冬木」をクリアしているマスターが対象 ◆◆◆※上記時間までに、ターミナル画面にあるクエストボードに「CLEAR」の文字が表示されている必要があります。 ◆◆ 【特別連続ログインボーナス】 ◆◆※ログインボーナスは、各日4:00に配布されます。◆◆◆◆※連続ログイン日数が途切れてしまった時点で、以降のプレゼントは受け取れません。 ◆◆◆◆※(聖晶石召喚最大11回分)は、同一の聖晶石召喚をおこなった場合に限ります。◆◆◆※最大で7回受け取り可能ですが、プレゼント対象となったタイミングによっては、この限りではございません。◆◆ 【特別回数ログインボーナス】 ◆◆※ログインボーナスは、各日4:00に配布されます。◆◆◆※計4日間受け取り可能ですが、プレゼント対象となったタイミングによっては、この限りではございません。◆◆ ◆下記の期間中、「2000万DL記念チケット」で交換した★5(SSR)サーヴァントを強化した際の獲得経験値が2倍になります。◆ ◆◆※交換した★5(SSR)サーヴァントは、正式加入後に下記の対応をおこなうと「強化時の獲得経験値2倍効果」が消失しますのでご注意ください。◆◆◆・正式加入後の★5(SSR)サーヴァントを強化素材として使用した場合。 ◆◆◆・正式加入後の★5(SSR)サーヴァントを宝具強化素材として使用した場合。 ◆◆◆・正式加入後の★5(SSR)サーヴァントを売却した場合。 ◆◆ ◆開催期間◆◆2020年4月29日(水) 18:00(予定)～6月30日(火) 23:59まで◆ ◆下記の期間中、「マスターミッション」の「限定」タブ内に期間限定で「【2000万DL突破記念】ミッション」が追加されます。◆すべてのミッションをクリアすると、コマンドコード「★4(SR)二天道楽の刀」1枚や2000万DL記念チケット、聖晶石20個などを含む豪華報酬をゲットできます！◆ ◆開催期間◆◆2020年4月29日(水) 18:00(予定)～5月31日(日) 23:59まで◆ ◆受け取り期間◆◆2020年4月29日(水) 18:00(予定)～6月7日(日) 23:59まで◆ ◆2000万DL突破キャンペーンコマンドコード◆ ◆★★★★SR◆ 二天道楽の刀(にてんどうらくのかたな)◆ スキル◆Busterカードに刻印時のみ、刻印されたカードのクリティカル威力を20%アップ◆ ◆◆追加ミッション◆◆ ◆◆※開催期間と受け取り期間は異なりますのでご注意ください。◆◆◆※毎週月曜0:00に更新される通常のミッション(ウィークリー)とは別枠となり、受け取り期間を過ぎると報酬は入手できませんのでご注意ください。◆◆◆※「【2000万DL突破記念】ミッション」を達成しても、通常のミッション(ウィークリー)のミッション進行度にはカウントされません。 ◆◆◆※メインクエストの進行度によっては「【2000万DL突破記念】ミッション」は達成できない場合がございます。 ◆◆ ◆期間限定で、カルデアゲート内に曜日ごとに出現するクエスト「種火集め」と「修練場」を全種開放いたします。◆ ◆開催期間◆◆2020年4月29日(水) 18:00(予定)～5月6日(水) 12:59まで◆ ◆◆※クエストクリア報酬のマナプリズムは、初回クリア時のみ獲得できます。 ◆◆◆※期間限定で出現している「種火集め」および「修練場」は通常の曜日ごとに出現している「種火集め」および「修練場」のクエストとは異なるため、「クエスト情報」は引き継がれませんのでご注意ください。 ◆◆◆※開催期間中、クエストクリア報酬はリセットされません。 ◆◆ ◆◆※バーサーカーはすべての曜日別クエストで有効なクラスとなります。 ◆◆ ◆◆※バーサーカーはすべての曜日別クエストで有効なクラスとなります。 ◆◆ ◆下記の期間中、メインクエスト第2部 第5章(オリュンポス)までのAP消費量が0になります！◆メインクエストをまだクリアしていないマスターの方は、ぜひこの機会をご活用ください！◆ ◆開催期間◆◆◆2020年4月29日(水) 18:00(予定)～5月6日(水) 12:59まで◆◆ ◆対象クエスト◆◆◆メインクエスト第1部(特異点Fから終局特異点まで)◆メインクエスト第2部(第1章から第5章(オリュンポス)まで)◆◆ ◆◆※亜種特異点(ⅠからⅣまで)、フリークエストは対象外となりますのでご注意ください。◆ ◆下記の期間中、メインクエスト第2部 第5章「Lostbelt No.5 星間都市山脈 オリュンポス 神を撃ち落とす日」をクリアしていると、第1部と第2部 第5章(オリュンポス)までのフリークエスト初回クリアまでのAP消費量が1/2になります！(バトルにおいて撤退した場合でも、クエストを初回クリア前であれば同様の消費量になります)◆まだクリアしていないフリークエストが残っているマスターの方は、ぜひこの機会にクリアしましょう！◆ ◆開催期間◆◆◆2020年4月29日(水) 18:00(予定)～5月6日(水) 12:59まで◆◆ ◆キャンペーン対象◆◆◆◆メインクエスト第2部 第5章「Lostbelt No.5 星間都市山脈 オリュンポス 神を撃ち落とす日」をクリアしているマスターが対象◆◆◆※亜種特異点(ⅠからⅣまで)をクリアしている必要はありません。 ◆◆◆ ◆対象クエスト◆◆◆第1部(特異点Fから終局特異点まで)のフリークエスト◆第2部(第1章から第5章(オリュンポス)まで)のフリークエスト◆◆ ◆◆※初回クリアとは、初回クリア報酬を入手するタイミングまでを指します。◆◆◆※亜種特異点(ⅠからⅣまで)のフリークエストは対象外となりますのでご注意ください。 ◆◆ ◆すべてのマスターを対象に、「コマンドコードの所持枠」を追加で50枠拡張いたします。◆これまで200枠となっていた所持枠が250枠まで拡張されます。 ◆ ◆開催期間◆◆◆2020年4月29日(水) 18:00～(予定)◆◆ ◆【所持枠の拡張数】 ◆ ◆2000万DL突破を記念して、期間限定でダ･ヴィンチ工房の「マナプリズムを交換」に、下記の概念礼装を追加いたします。◆ ◆概念礼装交換期間◆◆2020年5月1日(金) 0:00(予定)～7月31日(金) 23:59まで◆ ◆★★★★★SSR◆ フリー･シーティング◆ ATK 500(最大:2000) HP 0◆ スキル◆ドロップで得られるQPの量を1%増やす＆クエストクリア時に得られる魔術礼装EXPを1%増やす◆◆ ◆◆追加アイテム(恒常)◆◆ ◆2000万DL突破を記念して、ダ･ヴィンチ工房の「レアプリズムを交換」に、『マナプリズム交換「ベラ･リザ」』を恒常追加いたします。◆『マナプリズム交換「ベラ･リザ」』は、「マナプリズムを交換」に「★5(SSR)ベラ･リザ」を開放する権利となりますので、実際の交換には1回につきマナプリズム1000個が必要です。◆◆ ◆追加日時◆◆◆2020年4月29日(水) 18:00～(予定)◆◆ ◆★★★★★SSR◆ ベラ･リザ◆ ATK 250(最大:1000) HP 400(最大:1600)◆ スキル◆ドロップで得られるQPの量を1%増やす(サポート時は3%増やす)◆ ◆◆追加アイテム(恒常)◆◆ ◆◆※「レアプリズムを交換」に追加される、『マナプリズム交換「ベラ･リザ」』は恒常となり、交換期限はありません。 ◆◆◆※すでに「★5(SSR)ベラ･リザ」を5枚交換されている方は、『マナプリズム交換「ベラ･リザ」』は交換できません。 ◆◆◆※すでに「★5(SSR)ベラ･リザ」を1～4枚交換されている方については、未交換分のみの開放となります。交換可能枚数に限らず必要なレアプリズムの交換数は変わりません(4枚交換済みの場合は1枚分のみ開放)。◆◆ ◆2020年4月25日(土) 19:00より、スタートダッシュキャンペーンのログインボーナスに、期間限定で特別ボーナスを追加いたしました！◆下記期間中、7日目のボーナスが2倍になり、聖晶石召喚最大22回分となる聖晶石30個と呼符10枚などが期間限定で追加されます。◆ ◆◆※(聖晶石召喚最大22回分)は、同一の聖晶石召喚をおこなった場合に限ります。 ◆◆ ◆開催期間◆◆2020年4月25日(土) 19:00～5月9日(土) 3:59まで◆ ◆◆スタートダッシュログインボーナスの内容◆◆ ◆◆※ログインボーナスは、各日4:00に配布されます。◆◆◆※表中の赤い文字が、期間限定の特別ボーナスとなります。 ◆◆◆※開催期間内に7日目のログインをおこなえない場合は、2倍のボーナスを受け取ることはできません。 ◆◆ ◆一定期間ログインをおこなっていなかったマスターを対象に、期間限定で「カムバック連続ログインボーナス」を開催いたします。◆下記期間中に7日間連続でログインすると、聖晶石30個(聖晶石召喚最大11回分)の聖晶石とサーヴァントの育成に役立つさまざまなアイテムをプレゼント！◆ ◆◆※(聖晶石召喚最大11回分)は、同一の聖晶石召喚をおこなった場合に限ります。 ◆◆ ◆開催期間◆◆2020年4月25日(土) 19:00～5月9日(土) 3:59まで◆◆※期間内にログインできなかった場合には受け取ることができません。◆◆ ◆プレゼント対象◆◆◆◆以下の条件をすべて満たしているマスターが対象 ◆◆◆・2020年2月1日(土) 0:00～4月25日(土) 18:59までの期間ログインをおこなっていない◆◆◆・2020年5月8日(金) 3:59までに「特異点F 炎上汚染都市 冬木」をクリア◆◆◆※上記時間までにターミナル画面にあるクエストボードに「CLEAR」の文字が表示されている必要があります。◆◆ ◆【カムバック連続ログインボーナス合計】 ◆◆・聖晶石 30個(聖晶石召喚最大11回分)◆◆◆・フレンドポイント 14,000pt(フレンドポイント召喚70回分) ◆◆◆・叡智の猛火 ALL★4(SR) 16枚 ◆◆◆・黄金の果実 16個 ◆◆ ◆◆カムバックログインボーナスの内容◆◆ ◆◆※1回目のカムバックログインボーナスは4月25日(土) 19:00以降より配布されます。◆◆◆※以降のカムバックログインボーナスは、各日4:00に配布されます。◆◆◆※連続ログイン日数が途切れてしまった時点で、以降のプレゼントは受け取れません。◆◆◆※最大で7回受け取り可能ですが、プレゼント対象となったタイミングによっては、この限りではございません。◆◆ ◆その他にも、期間限定「2000万DL記念ピックアップ召喚(日替り)」を開催中！◆詳細については、下記バナーよりご確認ください。◆◆ ◆◆■「2000万DL記念ピックアップ召喚(日替り)」詳細情報◆◆◆◆◆ ※App Storeの互換性ではなく、こちらに記載の動作環境をご確認ください。◆※iPod touch第6世代以前、iPhone 6 Plus以前の機種は非対応です。◆※ベータ版としてリリースされているOSは非対応です。 ※ベータ版としてリリースされているOSは非対応です。◆※Intel CPU搭載モデルは非対応です。◆※一部機種に関しては推奨バージョン以上でも動作しない可能性がございます。◆※搭載RAM2.0GB未満の端末では、プレイすることはできません。 このホームページに掲載されている画像、文章、音声、動画等の全ての権利はTYPE-MOONに帰属します。無断での使用・転載は固くお断りいたします。 TYPE-MOON / FGO PROJECT"
11,"https://natalie.mu/comic/news/375935",0.1,2.8,723," アニメ「FGO」賢王ギルガメッシュ、マーリンのフレグランスが受注生産で登場 - コミックナタリー"," 2020年4月19日 17:26 4289 ◆ TVアニメ「Fate/Grand Order -絶対魔獣戦線バビロニア-」のキャラクター・ギルガメッシュ、マーリンをイメージしたフレグランスがANIPLEX＋限定で発売される。 「ギルガメッシュ フレグランス」は洋梨を中心にしたオレンジやローズマリーの爽やかなトップノートから、フリージアを軸にしたミドルノートへと変化し、ラストノートではパチョリが男性的な印象をかもしだす一品。「マーリン フレグランス」はグリーンローズとネロリをベースに、ユーカリ、ペパーミント、バジルなどをあしらった、“花の魔術師”を思わせる華やかな香りに仕上げられた。それぞれ描き下ろしイラストを使ったA5サイズのカードとセットで届けられる。 いずれも受注生産品で、価格は各税込5500円。ANIPLEX＋にて5月17日23時59分まで予約を受け付け、8月上旬より順次届けられる。 (c)TYPE-MOON / FGO7 ANIME PROJECT 話題の人物一覧 1位 2位 3位 4位 5位 人気の記事の一覧 最新ニュース一覧 人気の画像の一覧 「ULTRAMAN」 「22/7」 「波よ聞いてくれ」沙村広明 「乙女ゲームの破滅フラグしかない悪役令嬢に転生してしまった…」angela×蒼井翔太 「鬼滅の刃」イベントレポート 過去の特集・インタビュー 「悪戯プライバシー」 「僕と悪夢とおねえさん」 ナタリーストアの商品一覧 このページの先頭に戻る 無料公式アプリ「マイナタリー」アプリ限定「オフショット」コンテンツ公開中！ ◆◆◆ Copyright Natasha,Inc. All Rights Reserved."
12,"https://dengekionline.com/articles/33428/",0.2,17.2,1886," どんな香り？ 『FGO』術ギル、マーリンをイメージしたフレグランス - 電撃オンライン"," アニプレックスよりTVアニメ『Fate/Grand Order -絶対魔獣戦線バビロニア-』のギルガメッシュ、マーリンをイメージした新作フレグランスが登場しました。 しっかりと使える50ml入りの商品で、香りだけでなくボトルデザインにもこだわりのある逸品です。さらに購入特典として、描き下ろしイラストを使用した特製イラストカードがセットで付いてきます。 洋梨を中心としたフルーツやハーブによる爽やかなトップノート、透明感のあるフリージアのミドルノートから、徐々に存在感を現すパチョリがマスキュランな印象を与えます。華やかさの中にも厳格さがうかがえる“ウルクの賢王”ギルガメッシュをイメージさせる香りです。 TOP◆ユーカリ、洋梨、ローズマリー、オレンジMIDDLE◆パイナップル、フリージア、ローズ、ジェラニウムLAST◆パチョリ、アンバー、ムスク 価格：5,500円（税込）内容量：50mL成分：エタノール、香料香水瓶サイズ：約10×6.8×2.6㎝（キャップ含む）化粧箱サイズ：約10.5×7.5×3㎝生産国：日本ブランド：chouchou matieres フレッシュなグリーンローズと高貴なネロリをベースに、ユーカリ、エストラゴン、ペパーミント、バジルなどのハーブのブーケをあしらった香りは、まるで庭園の中にいる様。舞い落ちる沢山の花びらと共に現れる“花の魔術師”マーリンをイメージさせる華やかな香りです。 TOP◆ユーカリ、スウィートオレンジ、ローズマリー、エストラゴン、レモンMIDDLE◆バジル、ペパーミント、ラベンダー、ネロリ、ジェラニウム、グレープ、グリーンローズLAST◆リーフィーグリーン、ムスク、アンバー 価格：5,500円（税込）内容量：50mL成分：エタノール、香料香水瓶サイズ：約10.5×4×3.5㎝（キャップ含む）化粧箱サイズ：約11×5×4.5㎝生産国：日本ブランド：chouchou matieres “ギルガメッシュ フレグランス”にはギルガメッシュの、“マーリン フレグランス”にはマーリンの、本企画のために描き下ろされたイラストを使用したA5サイズのイラストカードをフレグランスとセットで届けられます。 サイズ：A5サイズ仕様：紙製、フルカラー印刷、紙製の専用台座付き 使用上の注意◆・使用方法：髪、首筋、胸、手首などに数回噴霧してください。◆・本商品は食べられません。◆・肌に合わない場合は、使用をやめください。◆・使用中に、赤み・はれ・かゆみ・刺激等の異常があらわれた場合は使用を中止し、皮膚科専門医などに相談してください。そのまま使用を続けると、症状が悪化させる場合があります。◆・目やそのまわり・粘膜・傷・湿疹・はれもの等、お肌の異常のある部位には使わないでください。◆・目に入った時はこすらず直ちに十分な水で洗い流してください。◆・直射日光のあたるお肌につけますと、まれにかぶれたり、シミになることがありますので、ご注意ください。◆・衣類には直接直接つけないでください。シミになる場合があります。◆・使用後は、必ずしっかりとキャップをしめてください。◆・高温や低温の場所、直射日光のあたる場所に保管しないでください。内容物の変色の原因となります。◆・通常の保管で、ごくまれに退色や澱が見られる場合がございますが、品質には問題ありません。◆・お子様やペットの手の届かないところに保管してください。◆・可燃性があるので、保管及び取り扱いには火気に十分に注意してください。◆・掲載写真/画像はイメージです。商品と一部異なる場合があります。 ◆TYPE-MOON / FGO7 ANIME PROJECT◆ 『Fate/Grand Order -絶対魔獣戦線バビロニア-』イメージフレグランス特設ページはこちら◆ TVアニメ『Fate/Grand Order -絶対魔獣戦線バビロニア-』公式サイトはこちら◆ 映画『シン・エヴァンゲリオン劇場版』英字ロゴはあの人の手書きだった 『スプラトゥーン2』フェス復活。第1回の“マヨネーズvsケチャップ”が開催 『ポケモンGO』おこうの日イベントを全力プレイしたら色違い連発のラッキーデイに！ 地球のピンチにシャイニングフィンガー。『Gガンダム』ドモンが手洗い推奨！ シャンクのサクセスストーリーが熱い！【あつまれ どうぶつの森】 電撃の旅団『FF11』攻略第397回！ 豪華報酬がもりだくさんな“マンスリー目標”を解説 (c) KADOKAWA Game Linkage Inc."
13,"https://bit.ly/3bp4g5x",0,3.3,420," アニメイト | 「薄桜鬼 真改 銀星ノ抄」ぷに1.5使用 ハート型缶バッジ3個セット(斎藤一、藤堂平助、原田左之助) | ポイント景品"," JavaScript を有効にしてご利用下さい. ログイン ポイント景品 発売日カレンダー よくあるご質問 お問い合わせ はじめての方 新規会員登録 アニメイト店舗一覧 クラブアニメイトとは 作品から探す 声優・アーティストから探す 作家から探す ジャンルから探す 商品カテゴリから探す ◆415ポイント◆※送料として別途100ポイントいただきます◆ 交換開始日：2020年07月30日予定 在庫：交換開始前 TOPに戻る OFFICIAL SNS アニメイト通販へのご意見をお聞かせください。◆ こちらの投稿にお返事はしておりませんが、スタッフが全て拝見します。（140文字まで）◆ Kazuhiko Shimamoto・MOVIC イラスト：島本和彦、竜田しう 本ホームページに掲載の文章・画像・写真などを無断で複製および、他のサイトに無断でリンクを貼ることを禁じます。ダウンロードされたデータは、個人の使用の範囲のみにご使用下さい。"
14,"https://twitter.com/yutonagatomo5/status/1253971450312028160",0.1,12.5,3132," Yuto Nagatomo | e?・a??a?‘e??a??a?“a?a??a??a??a??: ""a￢!a??a?YouTubea?￣a?a‰?a?‘a?μa??a?a?1a??3 aμ・a??c・¨a?§a?a??◆a?a?1a??3a?’a?“a?|a??aooa?a，-a??a?‰a??e?，a?§1a??a§?a?≪a?μa??a?3a…\a??a≫￡e!¨a?|a??a??a?a??a? a?’a??a?￢a??a?3a??a??a??a?i??◆3e?，a‰?a??a?“a?aa??a??a，?c・’a?≪a??a?￢a??a??a??e?，a‰?a?§a?a??◆a?“a?|a??a?‰a‡?a??a?aa??c￢‘◆a??c”¨a?aa??a??a??a??a?§◆?・a??a??a?￡a?3a??a?≪◆a?’a…\a??a?|3a??a??a??a??a??a??a?|a，?a??a??i??◆"""," a??a?a?|a?¶a?§JavaScripta??c?!a?1a?≪a?aa?￡a?|a??a??a?a??a?“a?\a?Twittera?’a??c”¨a??a??a?a??i?? a?￣a?? Galatasaray Spor KulA?bA? Facebook Instagram LINE c?c≪?a??a!?a?μa??a??FAT ADAPT ◆ a?|a?§a??a?μa??a??a??a?μa??a?‰a?‘a??a?†a?￡a?￠a??a?aa?±a??a?・a?§a?3a??a?‰a??e??a，?a??a-￡c￠oa?ac??a?¨a?°a?aa?a?a??c?a?…a ±a?’a??a??a??a??a?≪e??a? a?§a??a??a?a??a??a??a??a??a?a??c?a?…a ±a±\a-´a?￣a??a??a?§a??a‰?e?a?§a??a??a?a??◆ e3c´°a?￣a?“a?!a?‰◆ a?“a?a??a??a??a??a?URLa?￣a?“a?!a?‰a?§a?a??a?3a?”a??a??a?|a…±a?‰a?§a??a??a?a?? a≫\a，?a?a?3a??a?‰a?’a?3a?”a??a??a?|a?μa??a??a?≪a??a??a??a??a?’a??a??e??a??a?“a?¨a??a?§a??a??a?a?? e3c´°a?￣a?“a?!a?‰ a≫\a，?a?a?3a??a?‰a?’a?3a?”a??a??a?|a?μa??a??a?≪a??c”≫a?’a??a??e??a??a?“a?¨a??a?§a??a??a?a?? e3c´°a?￣a?“a?!a?‰ a?μa??a??a??a?¨a?e??a?!a?§a??e!?a??coc”?a??a??a??a??a??a??a?†a，?ao|a??e|a??a??a? a??a?? a?”e‡aa?†a?a?μa??a??a??a?￠a??a?aa?≪Twittera?a?3a?3a?†a?3a??a?’a??a??e??a??a?“a?¨a?§a??e??coe?…a\‘c´?a??a??a?3e??coe?…a??a?aa?・a??a?≪a??a??a??a??a??a?a?¨a??a?aa??a??a??a?a?? a??a??a? a?a??a?3a?≪a?￣a??a?a?-a??a??a?|a??a??a?￠a?≪a?|a?3a??a?a??a??a??a??a??a?aa?￠a?≪a??a??a? a?§e!¨c?oa??a??a??a?a?? ◆ a??a?-a??a?￡a??a?≪a†c??a?≪a?≪a??a??a?≪a?’a??a??a?a?¨e!¨c?oa??a??a??a??a?a?-a??a，-a??a??a?3a?’a?￣a?aa??a?￣a?a??a?¨a??a?￠a?≪a?|a?3a??a?a??a?a?-a??a?’e§￡e?a?§a??a??a?a??◆ ◆ a°?a?≪a…\a?￡a??a??a??a??a??a?≪a??a??a??a?-a??a??a??a??a?‡a?†a??a??a??a?-a??a??a??a??a??a??a?￣a??a??a?‰a??a?¨a??a?|e|?a??a?“a?¨a??a?§a??a??a?a??◆ ◆ a?aa??a??a??a??a?’a?a??a?¨a≫?e?…a?a??a??a??a??a?’a?a?°a??a??a?!a?￡a?§a??a??a?a??a??a?aa??a?’a??a?a?-a??a??a?|a??a??a?￠a?≪a?|a?3a??a?a??a??a? a?a??a?3a?≪e!¨c?oa??a??a??a?a??◆ ◆ a°?a?≪a?aa??a??a??a??a??a?’e|?a??a?‘a??a?‰e?”a?!a??a?|a??a??a??a?‡a?†a??a??e±a??c??a??a，?a??a??a??a??a??a??a??a??a?“a??◆ ◆ e±e!?a?a??a?”a??a?￣a??a?aa?￠a?≪a??a??a? a?§e!¨c?oa??a??a??a?a??◆ ◆ a??a?a?-a??a?a??a?￠a?≪a?|a?3a??a?’a￠?a??a?a?¨c?\a??a??a??a?…a ±a??a??a?￡a?¨a±?a??a??a?a??◆ ◆ a??a??c?\a??a??a??a?…a ±a?’a?≪a?“a? a??a??a??a??a?’a??c´￠a?§a??a??a?a??◆ ◆ a??a?\a??a?1e??a ±a??a?‰a3¨c?a?e±e!?a??a?§Twittera?a??a??a??a??a??a??a??a??a??a?a??◆ a￢!a??a?YouTubea?￣a?a‰?a?‘a?μa??a?a?1a??3 aμ・a??c・¨a?§a?a??◆a?a?1a??3a?’a?“a?|a??aooa?a，-a??a?‰a??e?，a?§1a??a§?a?≪a?μa??a?3a…\a??a≫￡e!¨a?|a??a??a?a??a? a?’a??a?￢a??a?3a??a??a??a?i??◆3e?，a‰?a??a?“a?aa??a??a，?c・’a?≪a??a?￢a??a??a??e?，a‰?a?§a?a??◆a?“a?|a??a?‰a‡?a??a?aa??c￢‘◆a??c”¨a?aa??a??a??a??a?§◆?・a??a??a?￡a?3a??a?≪◆a?’a…\a??a?|3a??a??a??a??a??a??a?|a，?a??a??i?? a?| a?1a??a??a?‡a?≪◆a?≪a?3a?“a?￠a??a??◆a??a?￠a?´a?￠a??a?? a??a?a?“a?a?a??a?3a?†a?≪a?§◆a?a‰?a?¨a??a??a?°a??a??a??◆a?≫a?≪a??a?μa??a??◆a?≫a?1a??a??a?‡a?≪◆a?≫a?1a??a?3a?3a?“a??a??◆a??a??a??a??i??i??i??◆◆?・a??a??a?￡a?3a??a?≪ a??a?￠a?´a?￠a??a??◆a?1a??a??a?‡a?≪◆a?≪a?3a?“a?￠a??a?? a?μa?a?†◆a?μa?a?†◆a?μa?a?† a?1a??a??a?‡a?≪◆a?≪a?3a?“a?￠a??a??◆a??a?￠a?´ a?1a??a??a?‡a?≪◆a?1a??a?3a?3a?“a??a??◆a??a?†a?a??a??a?￡i??c￢‘ a?1a??a??a?‡a?≪◆a?3a??a??a??a??◆a?μa??a??a?†a?￡i?? a?1a??a??a?‡a?≪◆a?≪a?3a?“a?￠a??a??◆a??a?￠a?´a?≫a?￠a??a?? ◆ a??a??a??a?≪a?≫a??↑ ◆ Twittera?a‡|c?†e??a??a?e?c??a?’e¶…a??a?|a??a??a??a??a，?a?c??a?aa，?a…・a??a??coc”?a??a?|a??a??a?a??a??a??a?aa??a?a??a??Twittera?1a?†a??a??a?1a?§e3c´°a?’a?”c￠oea?a??a? a??a??a??◆ "
15,"https://www.fashion-press.net/news/60261",0,4.9,679," スナイデルから、ビリー・アイリッシュをフィーチャーしたTシャツ＆フーディー発売 - ファッションプレス"," スナイデル(SNIDEL)は、ビリー・アイリッシュのフィーチャリングコレクションを2020年4月17日(金)よりオフィシャルオンラインストア、ウサギ オンラインストアにて先行発売し、4月22日(水)より国内一部店舗で取り扱う。 第62回グラミー賞で39年ぶり、史上2度目、女性初、そして最年少18歳で主要4部門を独占し、計5冠に輝く偉業を成し遂げたビリー・アイリッシュ。彼女は、その音楽性だけでなく、ファッション性でも注目を浴びており、数々のモード誌の紙面を飾り“次世代のイット・ガール” とも称されている。 今回のコレクションでは、そんなビリー・アイリッシュの個性をスナイデルの女性らしさに混ぜ合わせた、フーディーとTシャツを展開する。いずれもオーバーサイズのシルエットで、グラフィックとロゴが映えるデザインとなっている。 【詳細】◆SNIDEL feat. BILLIE EILISH Tシャツ 6,000円＋税◆SNIDEL feat. BILLIE EILISH フーディー 11,000円+税◆先行発売日：2020年4月17日(金)◆先行取り扱い：スナイデル オフィシャルオンラインストア、ウサギ オンラインストア◆一般発売日：2020年4月22日(水)◆展開店舗：札幌ステラプレイス店、仙台パルコ店、京都藤井大丸店、金沢フォーラス店、広島パルコ店、岡山一番街店、熊本鶴屋店、新潟ビルボードプレイス店(FC)、高崎OPA店(FC)◆※上記以外他の店舗は臨時休業中。なお、上記に関して予告なく変更される場合あり。事前の詳細については公式HPを参照。"
16,"https://news.livedoor.com/lite/article_detail/18173113/",0.2,20.2,2297," 25日夜放送の「ワイルド・スピード SKY MISSION」内容や声優をおさらい - ライブドアニュース"," ◆◆ニューストップ◆◆◆> ◆芸能◆◆◆◆>◆◆映画総合◆◆◆ ◆◆ニューストップ◆◆◆> ◆芸能◆◆◆◆>◆◆映画総合◆◆◆ ◆◆シネマトゥデイ◆ ◆◆◆ 写真拡大 人気カーアクション映画シリーズの第7弾『ワイルド・スピード SKY MISSION』（2015）が、今夜25日21時から（一部地域を除く）フジテレビ系・土曜プレミアムで放送される。シリーズや作品などの情報を含めて、吹き替えキャストを紹介する。 『ワイルド・スピード』シリーズって？ 『ワイルド・スピード』シリーズは、すご腕のストリートレーサーが集結した強盗団が、麻薬組織や国際犯罪組織との戦いに身を投じる姿を描く人気カーアクション映画シリーズ。ヴィン・ディーゼル演じる主人公ドミニク・トレットと故ポール・ウォーカーさんふんするブライアン・オコナーを中心とした家族同然のチームメンバーの絆の物語や、高級車や名車を大量に投じた常識はずれのアクションが支持を集めている。ラップやヒップホップなどのノリノリの音楽やレース場にいるスタイル抜群の美女群、ド派手な改造車、ガチンコの肉弾戦もシリーズお約束の見どころといえる。 2001年の第1作『ワイルド・スピード』を皮切りに、これまでシリーズ8本、スピンオフ1本が公開されている。シリーズ9作目となる『ワイルド・スピード／ジェットブレイク』は、新型コロナウイルス感染拡大の影響で、今年から来年へと公開が延期された。シリーズは第10弾まで製作されることが決まっている。また、スピンオフ『ワイルド・スピード／スーパーコンボ』は続編企画が進行中で、新たに女性版のスピンオフ企画も始動している。 『ワイルド・スピード SKY MISSION』って？ 『ワイルド・スピード SKY MISSION』は、2015年に公開されたシリーズ第7弾。晴れて自由の身となったドミニク、ブライアンらチームが再び結集し、弟の復讐を誓う最強の敵デッカード・ショウ（ジェイソン・ステイサム）に立ち向かっていく。スピード感とスリルあふれるアクションはもちろん、ド迫力の空中カーアクションも圧巻。『ソウ』シリーズのジェームズ・ワンが監督を務めた。世界興行収入は15億ドル（1,650億円）を超え、シリーズ最高の成績を収めたほか、世界興収ランキング歴代9位の大ヒットを記録している。（Box Office Mojo調べ、1ドル110円換算） 本作は、突然の交通事故により、撮影期間中に40歳という若さで亡くなったポール・ウォーカーさんのシリーズ最後の出演作としても知られている。製作は一時中断されたものの、ポールさんの2人の弟ケイレブとコディが、ポールさんが撮り終えることのできなかったアクションシーンや、シーンとシーンのつなぎでポールさんの代役を担当するなどして、完成させた。ラストシーンは、ファンのみならず涙せずにはいられない追悼シーンとなっており、今回はカットせずに放送される。 あらすじは？ ヨーロッパで暗躍していたオーウェン・ショウ（ルーク・エヴァンス）率いる国際犯罪組織を壊滅させたドミニクと仲間たち。全ての罪は帳消しとなり、ロサンゼルスで平穏な日々を過ごしていた。だが、ある日、ドミニクの携帯電話への着信をきっかけに、届いたばかりの荷物が大爆発して家は粉々に。それは、オーウェンの兄でイギリス最強の殺し屋デッカードの復讐の始まりにすぎなかった……。 吹き替え声優は？ ドミニクの声を担当するのは、『ローグ・ワン／スター・ウォーズ・ストーリー』のダース・ベイダー役でも知られ、他作品でもヴィン・ディーゼルの声を務めた経験を持つ楠大典。相棒のブライアンは、「テニスの王子様」シリーズの菊丸英二役などでも知られ、『トップガン』でトム・クルーズ演じるマーヴェリックの声を担当した高橋広樹。 ドミニクの恋人レティ（ミシェル・ロドリゲス）は、映画『ワンダーウーマン』の主人公ワンダーウーマンの吹き替えなども務める甲斐田裕子。ドミニクの妹でブライアンの妻ミア（ジョーダナ・ブリュースター）は、『マイ・インターン』などでアン・ハサウェイの声を務める園崎未恵。 チームメンバーのローマン（タイリース・ギブソン）は、『攻殻機動隊ARISE』シリーズのバトー役などで知られる松田健一郎。テズ（クリス・“リュダクリス”・ブリッジス）は、演劇集団円に所属する俳優でもある渡辺穣。 ドウェイン・ジョンソン演じる外交保安部のホブス捜査官は、「名探偵コナン」シリーズの毛利小五郎役や、「24 TWENTY FOUR」のジャック・バウアー役などでおなじみの小山力也。ホブスの部下エレナ（エルサ・パタキ）は、数多くの海外ドラマや映画の吹き替え経験を持つ坂井恭子。 ドミニクの前に現れる米政府・秘密工作組織のリーダー、ミスター・ノーバディ（カート・ラッセル）は、『ダークナイト』のジョーカーや「仮面ライダー電王」のデネブ役などのベテラン声優・大塚芳忠。拉致されたハッカー、ラムジー（ナタリー・エマニュエル）は、『ヱヴァンゲリヲン新劇場版』シリーズの真希波・マリ・イラストリアス役などで知られる人気声優・坂本真綾。 最強の敵デッカードは、演じるジェイソン・ステイサムの吹き替えでおなじみの山路和弘。民間軍事組織を率いるテロリストのジャカンディ（ジャイモン・フンスー）は、「エヴァンゲリオン」シリーズの碇ゲンドウ役などで知られる立木文彦が担当している。（編集部・小松芙未） ◆◆ 「ワイルド・スピード」をもっと詳しく LINE Corporation"
17,"https://www.monster-strike.com/news/20200425_2.html",0.1,5.3,555," 2020.04.25 「ユグドラシル」の獣神化が可能に！｜モンスターストライク(モンスト)公式サイト"," モンスターストライク〈モンスト〉公式サイト お知らせ 2020.04.25 アップデート 「ユグドラシル」の獣神化が可能になります！ 木属性 ★6安寧を願いし世界樹神 ユグドラシル ▼「獣神化」解禁日時 2020年4月28日（火）12:00（正午）より解禁 ※一度「獣神化」したキャラクターは「進化合成後」または「神化合体後」の状態へ戻すことができません。 【獣神化に必要な素材一覧】 ◆「進化合成後（★6）」または「神化合体後（★6）」→「獣神化（★6）」◎過去に獣神化した全てのキャラクターはこちらで確認ができます。 一覧に戻る PICK UP! 2020.04.25 イベント ガチャ「ミッドナイト・パーティー」開催！（4/25 19:00よりスタート！） 2020.04.25 アップデート 「Two for all」「無敵アイドル Two for all」「二人のキセキ Two for all」の獣神化が可能に！今夜（4/25）19時に解禁！ 2020.04.25 アップデート 「ユグドラシル」の獣神化が可能に！ Twitter Twitterアカウントをフォローする ページの先頭へ モンストはスマートフォンのアプリゲーム。今すぐスマホからアプリをダウンロードしよう！ XFLAG XFLAG"
18,"https://www.monster-strike.com/news/20200425_3.html",0.2,15.6,1533," 2020.04.25 「Two for all」「無敵アイドル Two for all」「二人のキセキ Two for all」の獣神化が可能に！今夜（4/25）19時に解禁！｜モンスターストライク(モンスト)公式サイト"," モンスターストライク〈モンスト〉公式サイト お知らせ 2020.04.25 アップデート 「Two for all」が「巡り逢う想いのチカラ Two for all」へ、「無敵アイドル Two for all」「二人のキセキ Two for all」が「未来を紡ぐイノチの輪 Two for all」へ獣神化が可能になります！▼「獣神化」解禁日時 2020年4月25日（土）19:00より解禁 ※一度「獣神化」したキャラクターは「進化合成後」または「神化合体後」の状態へ戻すことができません。 ※「巡り逢う想いのチカラ Two for all」と「未来を紡ぐイノチの輪 Two for all」のステータスは同じです。 ◎過去に獣神化した全てのキャラクターはこちらで確認ができます。 ◆INDEX◆◎獣神化「巡り逢う想いのチカラ Two for all」◎獣神化「未来を紡ぐイノチの輪 Two for all」◎使ってみた＆SPECIAL MOVIEをチェック！◎プロフィールをチェック！ ■獣神化「巡り逢う想いのチカラ Two for all」 闇属性 ★6巡り逢う想いのチカラ Two for all 【獣神化に必要な素材一覧】 ◆進化合成後「全力アイドル Two for all（★6）」または、神化合体後「二人のキズナ Two for all（★6）」→獣神化「巡り逢う想いのチカラ Two for all（★6）」※「巡り逢う想いのチカラ Two for all」から「未来を紡ぐイノチの輪 Two for all」への獣神化はできません。 ※進化合成前（★5）または神化合体前（★5）の状態から、獣神化させることはできません。 ■獣神化「未来を紡ぐイノチの輪 Two for all」 闇属性 ★6未来を紡ぐイノチの輪 Two for all 【獣神化に必要な素材一覧】 ◆「無敵アイドル Two for all（★6）」または、「二人のキセキ Two for all（★6）」→獣神化「未来を紡ぐイノチの輪 Two for all（★6）」※「未来を紡ぐイノチの輪 Two for all」から「巡り逢う想いのチカラ Two for all」への獣神化はできません。 ■「モンスト公式YouTubeチャンネル」で使ってみた動画等を公開中！ 「モンスト公式YouTubeチャンネル」では、「Two for all」の【使ってみた】動画や、新曲「LINK」が聴けるミュージックビデオを公開中です！【""使ってみた""動画】 ◆◆ 【 Two for all「LINK」ミュージックビデオ】 ◆◆ ◎「モンスト公式YouTubeチャンネル」はこちら ■""プロフィール""や""ストーリー""を「XFLAG DICTIONARY」でチェック！ ゲームでは公開していない「Two for all」のストーリーやプロフィールも、「XFLAG DICTIONARY」でチェックできます！ 一覧に戻る PICK UP! 2020.04.25 イベント ガチャ「ミッドナイト・パーティー」開催！（4/25 19:00よりスタート！） 2020.04.25 アップデート 「Two for all」「無敵アイドル Two for all」「二人のキセキ Two for all」の獣神化が可能に！今夜（4/25）19時に解禁！ 2020.04.25 アップデート 「ユグドラシル」の獣神化が可能に！ Twitter Twitterアカウントをフォローする ページの先頭へ モンストはスマートフォンのアプリゲーム。今すぐスマホからアプリをダウンロードしよう！ XFLAG XFLAG"
19,"https://www.monster-strike.com/news/20200425_1.html",0.1,5.4,555," 2020.04.25 「プロメテウス」の獣神化が可能に！｜モンスターストライク(モンスト)公式サイト"," モンスターストライク〈モンスト〉公式サイト お知らせ 2020.04.25 アップデート 「プロメテウス」の獣神化が可能になります！ 火属性 ★6極上なる正義の大神火 プロメテウス ▼「獣神化」解禁日時 2020年4月28日（火）12:00（正午）より解禁 ※一度「獣神化」したキャラクターは「進化合成後」または「神化合体後」の状態へ戻すことができません。 【獣神化に必要な素材一覧】 ◆「進化合成後（★6）」または「神化合体後（★6）」→「獣神化（★6）」 過去に獣神化した全てのキャラクターはこちらで確認ができます。 一覧に戻る PICK UP! 2020.04.25 イベント ガチャ「ミッドナイト・パーティー」開催！（4/25 19:00よりスタート！） 2020.04.25 アップデート 「Two for all」「無敵アイドル Two for all」「二人のキセキ Two for all」の獣神化が可能に！今夜（4/25）19時に解禁！ 2020.04.25 アップデート 「ユグドラシル」の獣神化が可能に！ Twitter Twitterアカウントをフォローする ページの先頭へ モンストはスマートフォンのアプリゲーム。今すぐスマホからアプリをダウンロードしよう！ XFLAG XFLAG"
20,"https://www.instagram.com/p/B_XFA4BljB5/?igshid=b5sm3f7jmafh",0,0,0," ◆e?￠e‡?a‰?a13 on Instagram: a??a??◆a??a??a?，a?￡a??a?￣a?a??a?≫a?≪a?§◆e!?cμ±a?，a≫?a??a?§a??a?￡a??a?”a??a?¨◆a??e|?a??a??a??a?|a??a??a??◆a??a?“a?!a??a?“???¶◆a??e?†a，-a?§a?i??i?????a??a?i，?◆?a?￡a??a?”a??◆?a?￡a??a?”a??jr◆|?a?|a??a??a??◆?!a?aa??a?≪a??a?￡a??a?”a??a?￣a\3a?a-?◆?aμ・e?“e?a?a??",""
21,"https://twitter.com/VancityReynolds/status/1252250480727777283",0.1,8.7,2826," Ryan Reynoldsa??a?“a?a??a??a??a??: ""Hugh and I have a temporary cease-fire on our feud for the . So, I nominate, legendary Astronaut, , Soccer Superstar, - and just to screw with him... . (WHAAT? A challenge inside a challenge.) ?| """," a??a?a?|a?¶a?§JavaScripta??c?!a?1a?≪a?aa?￡a?|a??a??a?a??a?“a?\a?Twittera?’a??c”¨a??a??a?a??i?? a?￣a?? owner: and ◆ a?|a?§a??a?μa??a??a??a?μa??a?‰a?‘a??a?†a?￡a?￠a??a?aa?±a??a?・a?§a?3a??a?‰a??e??a，?a??a-￡c￠oa?ac??a?¨a?°a?aa?a?a??c?a?…a ±a?’a??a??a??a??a?≪e??a? a?§a??a??a?a??a??a??a??a??a?a??c?a?…a ±a±\a-´a?￣a??a??a?§a??a‰?e?a?§a??a??a?a??◆ e3c´°a?￣a?“a?!a?‰◆ a?“a?a??a??a??a??a?URLa?￣a?“a?!a?‰a?§a?a??a?3a?”a??a??a?|a…±a?‰a?§a??a??a?a?? a≫\a，?a?a?3a??a?‰a?’a?3a?”a??a??a?|a?μa??a??a?≪a??a??a??a??a?’a??a??e??a??a?“a?¨a??a?§a??a??a?a?? e3c´°a?￣a?“a?!a?‰ a≫\a，?a?a?3a??a?‰a?’a?3a?”a??a??a?|a?μa??a??a?≪a??c”≫a?’a??a??e??a??a?“a?¨a??a?§a??a??a?a?? e3c´°a?￣a?“a?!a?‰ a?μa??a??a??a?¨a?e??a?!a?§a??e!?a??coc”?a??a??a??a??a??a??a?†a，?ao|a??e|a??a??a? a??a?? a?”e‡aa?†a?a?μa??a??a??a?￠a??a?aa?≪Twittera?a?3a?3a?†a?3a??a?’a??a??e??a??a?“a?¨a?§a??e??coe?…a\‘c´?a??a??a?3e??coe?…a??a?aa?・a??a?≪a??a??a??a??a??a?a?¨a??a?aa??a??a??a?a?? a??a??a? a?a??a?3a?≪a?￣a??a?a?-a??a??a?|a??a??a?￠a?≪a?|a?3a??a?a??a??a??a??a??a?aa?￠a?≪a??a??a? a?§e!¨c?oa??a??a??a?a?? ◆ a??a?-a??a?￡a??a?≪a†c??a?≪a?≪a??a??a?≪a?’a??a??a?a?¨e!¨c?oa??a??a??a??a?a?-a??a，-a??a??a?3a?’a?￣a?aa??a?￣a?a??a?¨a??a?￠a?≪a?|a?3a??a?a??a?a?-a??a?’e§￡e?a?§a??a??a?a??◆ ◆ a°?a?≪a…\a?￡a??a??a??a??a??a?≪a??a??a??a?-a??a??a??a??a?‡a?†a??a??a??a?-a??a??a??a??a??a??a?￣a??a??a?‰a??a?¨a??a?|e|?a??a?“a?¨a??a?§a??a??a?a??◆ ◆ a?aa??a??a??a??a?’a?a??a?¨a≫?e?…a?a??a??a??a??a?’a?a?°a??a??a?!a?￡a?§a??a??a?a??a??a?aa??a?’a??a?a?-a??a??a?|a??a??a?￠a?≪a?|a?3a??a?a??a??a? a?a??a?3a?≪e!¨c?oa??a??a??a?a??◆ ◆ a°?a?≪a?aa??a??a??a??a??a?’e|?a??a?‘a??a?‰e?”a?!a??a?|a??a??a??a?‡a?†a??a??e±a??c??a??a，?a??a??a??a??a??a??a??a??a?“a??◆ ◆ e±e!?a?a??a?”a??a?￣a??a?aa?￠a?≪a??a??a? a?§e!¨c?oa??a??a??a?a??◆ ◆ a??a?a?-a??a?a??a?￠a?≪a?|a?3a??a?’a￠?a??a?a?¨c?\a??a??a??a?…a ±a??a??a?￡a?¨a±?a??a??a?a??◆ ◆ a??a??c?\a??a??a??a?…a ±a?’a?≪a?“a? a??a??a??a??a?’a??c´￠a?§a??a??a?a??◆ ◆ a??a?\a??a?1e??a ±a??a?‰a3¨c?a?e±e!?a??a?§Twittera?a??a??a??a??a??a??a??a??a??a?a??◆ Hugh and I have a temporary cease-fire on our feud for the . So, I nominate, legendary Astronaut, , Soccer Superstar, - and just to screw with him... . (WHAAT? A challenge inside a challenge.) a?|pic.twitter.com/pyFG5Agstr LMAOpic.twitter.com/Gx8qBzj4Vd sweet sweet lord XDpic.twitter.com/XFC4ksVVhz I SNORTED pic.twitter.com/C0MYixXPfj I had to listen three times to figure out Ryan was saying ""Hawaiian pizza."" I guess my mental radar is just more in tune with Hugh voice. (Friends IS a really good show.) Glad to hear it wasna?t just me that replayed it several times to figure out what ryan said. This hillariouspic.twitter.com/QWsrjIibN4 ◆ a??a??a??a?≪a?≫a??↑ ◆ Twittera?a‡|c?†e??a??a?e?c??a?’e¶…a??a?|a??a??a??a??a，?a?c??a?aa，?a…・a??a??coc”?a??a?|a??a??a?a??a??a??a?aa??a?a??a??Twittera?1a?†a??a??a?1a?§e3c´°a?’a?”c￠oea?a??a? a??a??a??◆ "
22,"https://www.molly.online",-0.3,2.2,226," ネットUFOキャッチャー（オンラインクレーンゲーム）アプリならMOLLY. ONLINE"," ログイン 新規会員登録 ご利用ガイド JavaScriptをオンにして下さい Error スマホで遊べるオンラインクレーンゲーム MOLLY.ONLINEへようこそ！ 今なら新規会員登録で500MPプレゼント！ 無料会員登録 ※初回特典500MPの獲得には、電話番号認証が必要です。 ●全ての景品から選ぶ 検索条件に一致する景品はありません。 ◆◆◆◆◆◆◆ Copyright MOLLY. ONLINE. all rights reserved."
23,"https://twitter.com/_paravi_/status/1253337834561441792",0.1,10.4,3556," Paravi(a?‘a?a?“)a??a?“a?a??a??a??a??: ""i??◆a??a??Snow Mana?≪a??a?‰a??a?|a，?a??a?????◆i??◆ a??c?†a?c?\a??a??a??a?a?￠a?3a?’a…¨a??a?§ea?a?1a??a???’a◆◆a?￢a?\a??a??11a?30a?†a??a?‰a??‘a?a?“ a?￢a?a?\a?a??a±oa?a?μa??a?a??a?oa?a…¨c‰?a?‘a?’c?￢a? e…?a?!i??◆◆??“￠a??a?“a??Snow Mana??a??a?￡a?|a，?a??a??a??a?’a?§a??e?†◆?“a??a?1a?? a?§a??c¨?a??a?|a?-◆a??a?´a?a??a??a??e!?a??a??a??a?a??i，?◆◆a??i，???’???????’??????’???§!??’???’?◆??a??a?1a??"""," a??a?a?|a?¶a?§JavaScripta??c?!a?1a?≪a?aa?￡a?|a??a??a?a??a?“a?\a?Twittera?’a??c”¨a??a??a?a??i?? a?￣a?? a??c”≫e…?a?!a?μa??a?“a?1a??Paravi(a?‘a?a?“)a??a?a…￢a??a?￠a?≪a?|a?3a??a?§a? a?aa?1a?1a?!a?a?3a?3a?†a?3a??a??e…?a?!a?…a ±a?aa?a??coa?!a??a?|a??a??a??a?a??a??a?・a?\a??a?°a??‘a?a?“a?‘a?¨a\¨a??a†…a?‰a?a??a?￠a??a?≪a??a??a?°a?\a?￢a??a?§c´?a??a?‰a?a??a? a?‘a?￣a??e2 a?‘a??a??a?aa??a??a??Paravia?§a? ◆ a?|a?§a??a?μa??a??a??a?μa??a?‰a?‘a??a?†a?￡a?￠a??a?aa?±a??a?・a?§a?3a??a?‰a??e??a，?a??a-￡c￠oa?ac??a?¨a?°a?aa?a?a??c?a?…a ±a?’a??a??a??a??a?≪e??a? a?§a??a??a?a??a??a??a??a??a?a??c?a?…a ±a±\a-´a?￣a??a??a?§a??a‰?e?a?§a??a??a?a??◆ e3c´°a?￣a?“a?!a?‰◆ a?“a?a??a??a??a??a?URLa?￣a?“a?!a?‰a?§a?a??a?3a?”a??a??a?|a…±a?‰a?§a??a??a?a?? a≫\a，?a?a?3a??a?‰a?’a?3a?”a??a??a?|a?μa??a??a?≪a??a??a??a??a?’a??a??e??a??a?“a?¨a??a?§a??a??a?a?? e3c´°a?￣a?“a?!a?‰ a≫\a，?a?a?3a??a?‰a?’a?3a?”a??a??a?|a?μa??a??a?≪a??c”≫a?’a??a??e??a??a?“a?¨a??a?§a??a??a?a?? e3c´°a?￣a?“a?!a?‰ a?μa??a??a??a?¨a?e??a?!a?§a??e!?a??coc”?a??a??a??a??a??a??a?†a，?ao|a??e|a??a??a? a??a?? a?”e‡aa?†a?a?μa??a??a??a?￠a??a?aa?≪Twittera?a?3a?3a?†a?3a??a?’a??a??e??a??a?“a?¨a?§a??e??coe?…a\‘c´?a??a??a?3e??coe?…a??a?aa?・a??a?≪a??a??a??a??a??a?a?¨a??a?aa??a??a??a?a?? a??a??a? a?a??a?3a?≪a?￣a??a?a?-a??a??a?|a??a??a?￠a?≪a?|a?3a??a?a??a??a??a??a??a?aa?￠a?≪a??a??a? a?§e!¨c?oa??a??a??a?a?? ◆ a??a?-a??a?￡a??a?≪a†c??a?≪a?≪a??a??a?≪a?’a??a??a?a?¨e!¨c?oa??a??a??a??a?a?-a??a，-a??a??a?3a?’a?￣a?aa??a?￣a?a??a?¨a??a?￠a?≪a?|a?3a??a?a??a?a?-a??a?’e§￡e?a?§a??a??a?a??◆ ◆ a°?a?≪a…\a?￡a??a??a??a??a??a?≪a??a??a??a?-a??a??a??a??a?‡a?†a??a??a??a?-a??a??a??a??a??a??a?￣a??a??a?‰a??a?¨a??a?|e|?a??a?“a?¨a??a?§a??a??a?a??◆ ◆ a?aa??a??a??a??a?’a?a??a?¨a≫?e?…a?a??a??a??a??a?’a?a?°a??a??a?!a?￡a?§a??a??a?a??a??a?aa??a?’a??a?a?-a??a??a?|a??a??a?￠a?≪a?|a?3a??a?a??a??a? a?a??a?3a?≪e!¨c?oa??a??a??a?a??◆ ◆ a°?a?≪a?aa??a??a??a??a??a?’e|?a??a?‘a??a?‰e?”a?!a??a?|a??a??a??a?‡a?†a??a??e±a??c??a??a，?a??a??a??a??a??a??a??a??a?“a??◆ ◆ e±e!?a?a??a?”a??a?￣a??a?aa?￠a?≪a??a??a? a?§e!¨c?oa??a??a??a?a??◆ ◆ a??a?a?-a??a?a??a?￠a?≪a?|a?3a??a?’a￠?a??a?a?¨c?\a??a??a??a?…a ±a??a??a?￡a?¨a±?a??a??a?a??◆ ◆ a??a??c?\a??a??a??a?…a ±a?’a?≪a?“a? a??a??a??a??a?’a??c´￠a?§a??a??a?a??◆ ◆ a??a?\a??a?1e??a ±a??a?‰a3¨c?a?e±e!?a??a?§Twittera?a??a??a??a??a??a??a??a??a??a?a??◆ i??◆a??a??Snow Mana?≪a??a?‰a??a?|a，?a??a??◆i??◆ a??c?†a?c?\a??a??a??a?a?￠a?3a?’a…¨a??a?§ea?a?1a??a?◆◆a?￢a?\a??a??11a?30a?†a??a?‰a??‘a?a?“ a?￢a?a?\a?a??a±oa?a?μa??a?a??a?oa?a…¨c‰?a?‘a?’c?￢a? e…?a?!i??◆◆a??a?“a??Snow Mana??a??a?￡a?|a，?a??a??a??a?’a?§a??e?†◆?“a??a?1a?? a?§a??c¨?a??a?|a?-◆a??a?´a?a??a??a??e!?a??a??a??a?◆◆??a??a?1a?? 5a??a?≪e…?a?!a?￡a?|a?“a?¨a?￣a??a?a?a?≪a?￣a??a?†c…§a?≪a??a??a??a??a?￡a?|a?“a?¨a??i?? a??a??a??a??i??i??i??i??◆SnowMana??e≪? c…§a?a??a?≫a?￡a?|a?“a?? a…¨a“!a?a ´a‰?a?￣a? a?￡a?|a??a?‘a?a??a??a??a??a?1a?a?-a?±a?￣a??a??a??i??◆a?§a??c…§a??a?“a??a?‰a??a??a?a?†a??a??a??i?? Paravia??a?“a??9a??a?a??a??a??◆◆◆◆a??a??a??a?¨a?†a?”a??a??a??a?a??◆◆e…?a?!a??a\?a??a??a?≪a??a?|a??a??a?a?? a…¨a“!a?a?¨a?“a??a?￣a†a?￡a?|a??a?‘a?a??a??a??a?1a?a?¨a?“a??a†a?￡a?|a?aa??a??a?‰a?a，°a?￣a??a? a?aa?a??a?aa??a??a?? a?§a??e †a￢!a??a?-a?±a?a??a??a”?e??a?a??a?aa?‰5a??a，-a?a?a，°a??a?aa??a?a??a，°a?￡a?|a??a??a?§i??i??i??i??i??i?? a?2a??a??a?“a?a?“a?¨a￣?a?\e??a??a?|a?…a?￡a?|a??a?? a2a?￢c…§a??a?“a??a??a??a?? a?a…¨c‰?a?a??c?\a?‰a??a??a??a??a?¨a?†a?”a??a??a??a?a??a≫?a??a?‰a?¨a?|a??a\?a??a??a?§a? ◆ a??a??a??a?≪a?≫a??↑ ◆ Twittera?a‡|c?†e??a??a?e?c??a?’e¶…a??a?|a??a??a??a??a，?a?c??a?aa，?a…・a??a??coc”?a??a?|a??a??a?a??a??a??a?aa??a?a??a??Twittera?1a?†a??a??a?1a?§e3c´°a?’a?”c￠oea?a??a? a??a??a??◆ "
24,"https://www.netflix.com/title/80053615",0,0.1,37," American Ultra | Netflix"," Questions? Contact us. Netflix Japan"
25,"https://www.netflix.com/title/80997863",0,0.1,37," Prince Charming | Netflix"," Questions? Contact us. Netflix Japan"
